stdio    D         file_stdio.c:107  file_stdio_fopen                 [   0.00000] opening /etc/allegro5rc r
stdio    D         file_stdio.c:107  file_stdio_fopen                 [   0.00000] opening /home/chris/allegro5rc r
stdio    D         file_stdio.c:107  file_stdio_fopen                 [   0.00000] opening /home/chris/.allegro5rc r
stdio    D         file_stdio.c:107  file_stdio_fopen                 [   0.00000] opening /tmp/allegro5.cfg r
system   I           wlsystem.c:42   registry_handle_global           [   0.00000] Wayland compositor created
system   I           wlsystem.c:53   registry_handle_global           [   0.00000] Wayland shared memory created
system   I           wlsystem.c:144  wl_initialize                    [   0.00000] Initialized EGL 1.5 on Wayland
system   I           wlsystem.c:152  wl_initialize                    [   0.00000] libdecor initialised
system   I           wlsystem.c:171  wl_initialize                    [   0.00000] Wayland driver connected to Wayland
system   I             system.c:272  al_install_system                [   0.00000] Allegro version: 5.2.12 (GIT)
display  D          wldisplay.c:293  wldpy_create_display_locked      [   0.09076] selected adapter -1
display  D          wldisplay.c:299  wldpy_create_display_locked      [   0.09077] wldpy: selected adapter 0
wleglconfig I        wleglconfig.c:138  _al_wlegl_config_select_visual   [   0.09079] 140 EGL configs.
display  D   display_settings.c:214  debug_display_settings           [   0.09081] color: 32 (rgba 1010102), depth: 0, stencil: 0, acc: 0000, samples: 0/0
display  D   display_settings.c:529  _al_score_display_settings       [   0.09082] Score is : 769
display  D   display_settings.c:214  debug_display_settings           [   0.09083] color: 32 (rgba 1010102), depth: 16, stencil: 0, acc: 0000, samples: 0/0
display  D   display_settings.c:529  _al_score_display_settings       [   0.09083] Score is : 769
display  D   display_settings.c:214  debug_display_settings           [   0.09084] color: 32 (rgba 1010102), depth: 24, stencil: 0, acc: 0000, samples: 0/0
display  D   display_settings.c:529  _al_score_display_settings       [   0.09084] Score is : 769
display  D   display_settings.c:214  debug_display_settings           [   0.09085] color: 32 (rgba 1010102), depth: 24, stencil: 8, acc: 0000, samples: 0/0
display  D   display_settings.c:529  _al_score_display_settings       [   0.09085] Score is : 769
display  D   display_settings.c:214  debug_display_settings           [   0.09086] color: 32 (rgba 1010102), depth: 0, stencil: 0, acc: 0000, samples: 2/1
display  D   display_settings.c:529  _al_score_display_settings       [   0.09087] Score is : 598
display  D   display_settings.c:214  debug_display_settings           [   0.09088] color: 32 (rgba 1010102), depth: 0, stencil: 0, acc: 0000, samples: 4/1
display  D   display_settings.c:529  _al_score_display_settings       [   0.09088] Score is : 589
display  D   display_settings.c:214  debug_display_settings           [   0.09089] color: 32 (rgba 1010102), depth: 0, stencil: 0, acc: 0000, samples: 8/1
display  D   display_settings.c:529  _al_score_display_settings       [   0.09089] Score is : 584
display  D   display_settings.c:214  debug_display_settings           [   0.09092] color: 32 (rgba 1010102), depth: 0, stencil: 0, acc: 0000, samples: 16/1
display  D   display_settings.c:529  _al_score_display_settings       [   0.09092] Score is : 580
display  D   display_settings.c:214  debug_display_settings           [   0.09093] color: 32 (rgba 1010102), depth: 16, stencil: 0, acc: 0000, samples: 2/1
display  D   display_settings.c:529  _al_score_display_settings       [   0.09093] Score is : 598
display  D   display_settings.c:214  debug_display_settings           [   0.09094] color: 32 (rgba 1010102), depth: 16, stencil: 0, acc: 0000, samples: 4/1
display  D   display_settings.c:529  _al_score_display_settings       [   0.09095] Score is : 589
display  D   display_settings.c:214  debug_display_settings           [   0.09095] color: 32 (rgba 1010102), depth: 16, stencil: 0, acc: 0000, samples: 8/1
display  D   display_settings.c:529  _al_score_display_settings       [   0.09098] Score is : 584
display  D   display_settings.c:214  debug_display_settings           [   0.09099] color: 32 (rgba 1010102), depth: 16, stencil: 0, acc: 0000, samples: 16/1
display  D   display_settings.c:529  _al_score_display_settings       [   0.09099] Score is : 580
display  D   display_settings.c:214  debug_display_settings           [   0.09100] color: 32 (rgba 1010102), depth: 24, stencil: 0, acc: 0000, samples: 2/1
display  D   display_settings.c:529  _al_score_display_settings       [   0.09100] Score is : 598
display  D   display_settings.c:214  debug_display_settings           [   0.09101] color: 32 (rgba 1010102), depth: 24, stencil: 0, acc: 0000, samples: 4/1
display  D   display_settings.c:529  _al_score_display_settings       [   0.09101] Score is : 589
display  D   display_settings.c:214  debug_display_settings           [   0.09102] color: 32 (rgba 1010102), depth: 24, stencil: 0, acc: 0000, samples: 8/1
display  D   display_settings.c:529  _al_score_display_settings       [   0.09103] Score is : 584
display  D   display_settings.c:214  debug_display_settings           [   0.09103] color: 32 (rgba 1010102), depth: 24, stencil: 0, acc: 0000, samples: 16/1
display  D   display_settings.c:529  _al_score_display_settings       [   0.09104] Score is : 580
display  D   display_settings.c:214  debug_display_settings           [   0.09105] color: 32 (rgba 1010102), depth: 24, stencil: 8, acc: 0000, samples: 2/1
display  D   display_settings.c:529  _al_score_display_settings       [   0.09105] Score is : 598
display  D   display_settings.c:214  debug_display_settings           [   0.09106] color: 32 (rgba 1010102), depth: 24, stencil: 8, acc: 0000, samples: 4/1
display  D   display_settings.c:529  _al_score_display_settings       [   0.09106] Score is : 589
display  D   display_settings.c:214  debug_display_settings           [   0.09107] color: 32 (rgba 1010102), depth: 24, stencil: 8, acc: 0000, samples: 8/1
display  D   display_settings.c:529  _al_score_display_settings       [   0.09108] Score is : 584
display  D   display_settings.c:214  debug_display_settings           [   0.09108] color: 32 (rgba 1010102), depth: 24, stencil: 8, acc: 0000, samples: 16/1
display  D   display_settings.c:529  _al_score_display_settings       [   0.09109] Score is : 580
display  D   display_settings.c:214  debug_display_settings           [   0.09110] color: 30 (rgba 1010100), depth: 0, stencil: 0, acc: 0000, samples: 0/0
display  D   display_settings.c:529  _al_score_display_settings       [   0.09110] Score is : 769
display  D   display_settings.c:214  debug_display_settings           [   0.09111] color: 30 (rgba 1010100), depth: 16, stencil: 0, acc: 0000, samples: 0/0
display  D   display_settings.c:529  _al_score_display_settings       [   0.09111] Score is : 769
display  D   display_settings.c:214  debug_display_settings           [   0.09112] color: 30 (rgba 1010100), depth: 24, stencil: 0, acc: 0000, samples: 0/0
display  D   display_settings.c:529  _al_score_display_settings       [   0.09112] Score is : 769
display  D   display_settings.c:214  debug_display_settings           [   0.09113] color: 30 (rgba 1010100), depth: 24, stencil: 8, acc: 0000, samples: 0/0
display  D   display_settings.c:529  _al_score_display_settings       [   0.09113] Score is : 769
display  D   display_settings.c:214  debug_display_settings           [   0.09114] color: 30 (rgba 1010100), depth: 0, stencil: 0, acc: 0000, samples: 2/1
display  D   display_settings.c:529  _al_score_display_settings       [   0.09115] Score is : 598
display  D   display_settings.c:214  debug_display_settings           [   0.09115] color: 30 (rgba 1010100), depth: 0, stencil: 0, acc: 0000, samples: 4/1
display  D   display_settings.c:529  _al_score_display_settings       [   0.09116] Score is : 589
display  D   display_settings.c:214  debug_display_settings           [   0.09117] color: 30 (rgba 1010100), depth: 0, stencil: 0, acc: 0000, samples: 8/1
display  D   display_settings.c:529  _al_score_display_settings       [   0.09118] Score is : 584
display  D   display_settings.c:214  debug_display_settings           [   0.09118] color: 30 (rgba 1010100), depth: 0, stencil: 0, acc: 0000, samples: 16/1
display  D   display_settings.c:529  _al_score_display_settings       [   0.09119] Score is : 580
display  D   display_settings.c:214  debug_display_settings           [   0.09120] color: 30 (rgba 1010100), depth: 16, stencil: 0, acc: 0000, samples: 2/1
display  D   display_settings.c:529  _al_score_display_settings       [   0.09120] Score is : 598
display  D   display_settings.c:214  debug_display_settings           [   0.09121] color: 30 (rgba 1010100), depth: 16, stencil: 0, acc: 0000, samples: 4/1
display  D   display_settings.c:529  _al_score_display_settings       [   0.09121] Score is : 589
display  D   display_settings.c:214  debug_display_settings           [   0.09122] color: 30 (rgba 1010100), depth: 16, stencil: 0, acc: 0000, samples: 8/1
display  D   display_settings.c:529  _al_score_display_settings       [   0.09122] Score is : 584
display  D   display_settings.c:214  debug_display_settings           [   0.09123] color: 30 (rgba 1010100), depth: 16, stencil: 0, acc: 0000, samples: 16/1
display  D   display_settings.c:529  _al_score_display_settings       [   0.09124] Score is : 580
display  D   display_settings.c:214  debug_display_settings           [   0.09124] color: 30 (rgba 1010100), depth: 24, stencil: 0, acc: 0000, samples: 2/1
display  D   display_settings.c:529  _al_score_display_settings       [   0.09125] Score is : 598
display  D   display_settings.c:214  debug_display_settings           [   0.09126] color: 30 (rgba 1010100), depth: 24, stencil: 0, acc: 0000, samples: 4/1
display  D   display_settings.c:529  _al_score_display_settings       [   0.09126] Score is : 589
display  D   display_settings.c:214  debug_display_settings           [   0.09127] color: 30 (rgba 1010100), depth: 24, stencil: 0, acc: 0000, samples: 8/1
display  D   display_settings.c:529  _al_score_display_settings       [   0.09127] Score is : 584
display  D   display_settings.c:214  debug_display_settings           [   0.09128] color: 30 (rgba 1010100), depth: 24, stencil: 0, acc: 0000, samples: 16/1
display  D   display_settings.c:529  _al_score_display_settings       [   0.09129] Score is : 580
display  D   display_settings.c:214  debug_display_settings           [   0.09129] color: 30 (rgba 1010100), depth: 24, stencil: 8, acc: 0000, samples: 2/1
display  D   display_settings.c:529  _al_score_display_settings       [   0.09130] Score is : 598
display  D   display_settings.c:214  debug_display_settings           [   0.09131] color: 30 (rgba 1010100), depth: 24, stencil: 8, acc: 0000, samples: 4/1
display  D   display_settings.c:529  _al_score_display_settings       [   0.09131] Score is : 589
display  D   display_settings.c:214  debug_display_settings           [   0.09132] color: 30 (rgba 1010100), depth: 24, stencil: 8, acc: 0000, samples: 8/1
display  D   display_settings.c:529  _al_score_display_settings       [   0.09132] Score is : 584
display  D   display_settings.c:214  debug_display_settings           [   0.09133] color: 30 (rgba 1010100), depth: 24, stencil: 8, acc: 0000, samples: 16/1
display  D   display_settings.c:529  _al_score_display_settings       [   0.09134] Score is : 580
display  D   display_settings.c:214  debug_display_settings           [   0.09135] color: 32 (rgba 8888), depth: 0, stencil: 0, acc: 0000, samples: 0/0
display  D   display_settings.c:529  _al_score_display_settings       [   0.09135] Score is : 769
display  D   display_settings.c:214  debug_display_settings           [   0.09136] color: 32 (rgba 8888), depth: 16, stencil: 0, acc: 0000, samples: 0/0
display  D   display_settings.c:529  _al_score_display_settings       [   0.09136] Score is : 769
display  D   display_settings.c:214  debug_display_settings           [   0.09137] color: 32 (rgba 8888), depth: 24, stencil: 0, acc: 0000, samples: 0/0
display  D   display_settings.c:529  _al_score_display_settings       [   0.09137] Score is : 769
display  D   display_settings.c:214  debug_display_settings           [   0.09139] color: 32 (rgba 8888), depth: 24, stencil: 8, acc: 0000, samples: 0/0
display  D   display_settings.c:529  _al_score_display_settings       [   0.09139] Score is : 769
display  D   display_settings.c:214  debug_display_settings           [   0.09140] color: 32 (rgba 8888), depth: 0, stencil: 0, acc: 0000, samples: 2/1
display  D   display_settings.c:529  _al_score_display_settings       [   0.09140] Score is : 598
display  D   display_settings.c:214  debug_display_settings           [   0.09141] color: 32 (rgba 8888), depth: 0, stencil: 0, acc: 0000, samples: 4/1
display  D   display_settings.c:529  _al_score_display_settings       [   0.09142] Score is : 589
display  D   display_settings.c:214  debug_display_settings           [   0.09143] color: 32 (rgba 8888), depth: 0, stencil: 0, acc: 0000, samples: 8/1
display  D   display_settings.c:529  _al_score_display_settings       [   0.09143] Score is : 584
display  D   display_settings.c:214  debug_display_settings           [   0.09144] color: 32 (rgba 8888), depth: 0, stencil: 0, acc: 0000, samples: 16/1
display  D   display_settings.c:529  _al_score_display_settings       [   0.09144] Score is : 580
display  D   display_settings.c:214  debug_display_settings           [   0.09145] color: 32 (rgba 8888), depth: 16, stencil: 0, acc: 0000, samples: 2/1
display  D   display_settings.c:529  _al_score_display_settings       [   0.09146] Score is : 598
display  D   display_settings.c:214  debug_display_settings           [   0.09146] color: 32 (rgba 8888), depth: 16, stencil: 0, acc: 0000, samples: 4/1
display  D   display_settings.c:529  _al_score_display_settings       [   0.09147] Score is : 589
display  D   display_settings.c:214  debug_display_settings           [   0.09148] color: 32 (rgba 8888), depth: 16, stencil: 0, acc: 0000, samples: 8/1
display  D   display_settings.c:529  _al_score_display_settings       [   0.09148] Score is : 584
display  D   display_settings.c:214  debug_display_settings           [   0.09149] color: 32 (rgba 8888), depth: 16, stencil: 0, acc: 0000, samples: 16/1
display  D   display_settings.c:529  _al_score_display_settings       [   0.09149] Score is : 580
display  D   display_settings.c:214  debug_display_settings           [   0.09150] color: 32 (rgba 8888), depth: 24, stencil: 0, acc: 0000, samples: 2/1
display  D   display_settings.c:529  _al_score_display_settings       [   0.09151] Score is : 598
display  D   display_settings.c:214  debug_display_settings           [   0.09152] color: 32 (rgba 8888), depth: 24, stencil: 0, acc: 0000, samples: 4/1
display  D   display_settings.c:529  _al_score_display_settings       [   0.09152] Score is : 589
display  D   display_settings.c:214  debug_display_settings           [   0.09153] color: 32 (rgba 8888), depth: 24, stencil: 0, acc: 0000, samples: 8/1
display  D   display_settings.c:529  _al_score_display_settings       [   0.09153] Score is : 584
display  D   display_settings.c:214  debug_display_settings           [   0.09154] color: 32 (rgba 8888), depth: 24, stencil: 0, acc: 0000, samples: 16/1
display  D   display_settings.c:529  _al_score_display_settings       [   0.09155] Score is : 580
display  D   display_settings.c:214  debug_display_settings           [   0.09155] color: 32 (rgba 8888), depth: 24, stencil: 8, acc: 0000, samples: 2/1
display  D   display_settings.c:529  _al_score_display_settings       [   0.09156] Score is : 598
display  D   display_settings.c:214  debug_display_settings           [   0.09157] color: 32 (rgba 8888), depth: 24, stencil: 8, acc: 0000, samples: 4/1
display  D   display_settings.c:529  _al_score_display_settings       [   0.09157] Score is : 589
display  D   display_settings.c:214  debug_display_settings           [   0.09158] color: 32 (rgba 8888), depth: 24, stencil: 8, acc: 0000, samples: 8/1
display  D   display_settings.c:529  _al_score_display_settings       [   0.09158] Score is : 584
display  D   display_settings.c:214  debug_display_settings           [   0.09159] color: 32 (rgba 8888), depth: 24, stencil: 8, acc: 0000, samples: 16/1
display  D   display_settings.c:529  _al_score_display_settings       [   0.09160] Score is : 580
display  D   display_settings.c:214  debug_display_settings           [   0.09161] color: 24 (rgba 8880), depth: 0, stencil: 0, acc: 0000, samples: 0/0
display  D   display_settings.c:529  _al_score_display_settings       [   0.09161] Score is : 769
display  D   display_settings.c:214  debug_display_settings           [   0.09162] color: 24 (rgba 8880), depth: 16, stencil: 0, acc: 0000, samples: 0/0
display  D   display_settings.c:529  _al_score_display_settings       [   0.09162] Score is : 769
display  D   display_settings.c:214  debug_display_settings           [   0.09163] color: 24 (rgba 8880), depth: 24, stencil: 0, acc: 0000, samples: 0/0
display  D   display_settings.c:529  _al_score_display_settings       [   0.09164] Score is : 769
display  D   display_settings.c:214  debug_display_settings           [   0.09165] color: 24 (rgba 8880), depth: 24, stencil: 8, acc: 0000, samples: 0/0
display  D   display_settings.c:529  _al_score_display_settings       [   0.09165] Score is : 769
display  D   display_settings.c:214  debug_display_settings           [   0.09166] color: 24 (rgba 8880), depth: 0, stencil: 0, acc: 0000, samples: 2/1
display  D   display_settings.c:529  _al_score_display_settings       [   0.09166] Score is : 598
display  D   display_settings.c:214  debug_display_settings           [   0.09167] color: 24 (rgba 8880), depth: 0, stencil: 0, acc: 0000, samples: 4/1
display  D   display_settings.c:529  _al_score_display_settings       [   0.09168] Score is : 589
display  D   display_settings.c:214  debug_display_settings           [   0.09168] color: 24 (rgba 8880), depth: 0, stencil: 0, acc: 0000, samples: 8/1
display  D   display_settings.c:529  _al_score_display_settings       [   0.09169] Score is : 584
display  D   display_settings.c:214  debug_display_settings           [   0.09170] color: 24 (rgba 8880), depth: 0, stencil: 0, acc: 0000, samples: 16/1
display  D   display_settings.c:529  _al_score_display_settings       [   0.09170] Score is : 580
display  D   display_settings.c:214  debug_display_settings           [   0.09171] color: 24 (rgba 8880), depth: 16, stencil: 0, acc: 0000, samples: 2/1
display  D   display_settings.c:529  _al_score_display_settings       [   0.09171] Score is : 598
display  D   display_settings.c:214  debug_display_settings           [   0.09172] color: 24 (rgba 8880), depth: 16, stencil: 0, acc: 0000, samples: 4/1
display  D   display_settings.c:529  _al_score_display_settings       [   0.09172] Score is : 589
display  D   display_settings.c:214  debug_display_settings           [   0.09173] color: 24 (rgba 8880), depth: 16, stencil: 0, acc: 0000, samples: 8/1
display  D   display_settings.c:529  _al_score_display_settings       [   0.09174] Score is : 584
display  D   display_settings.c:214  debug_display_settings           [   0.09175] color: 24 (rgba 8880), depth: 16, stencil: 0, acc: 0000, samples: 16/1
display  D   display_settings.c:529  _al_score_display_settings       [   0.09175] Score is : 580
display  D   display_settings.c:214  debug_display_settings           [   0.09176] color: 24 (rgba 8880), depth: 24, stencil: 0, acc: 0000, samples: 2/1
display  D   display_settings.c:529  _al_score_display_settings       [   0.09176] Score is : 598
display  D   display_settings.c:214  debug_display_settings           [   0.09177] color: 24 (rgba 8880), depth: 24, stencil: 0, acc: 0000, samples: 4/1
display  D   display_settings.c:529  _al_score_display_settings       [   0.09177] Score is : 589
display  D   display_settings.c:214  debug_display_settings           [   0.09178] color: 24 (rgba 8880), depth: 24, stencil: 0, acc: 0000, samples: 8/1
display  D   display_settings.c:529  _al_score_display_settings       [   0.09179] Score is : 584
display  D   display_settings.c:214  debug_display_settings           [   0.09180] color: 24 (rgba 8880), depth: 24, stencil: 0, acc: 0000, samples: 16/1
display  D   display_settings.c:529  _al_score_display_settings       [   0.09180] Score is : 580
display  D   display_settings.c:214  debug_display_settings           [   0.09181] color: 24 (rgba 8880), depth: 24, stencil: 8, acc: 0000, samples: 2/1
display  D   display_settings.c:529  _al_score_display_settings       [   0.09182] Score is : 598
display  D   display_settings.c:214  debug_display_settings           [   0.09183] color: 24 (rgba 8880), depth: 24, stencil: 8, acc: 0000, samples: 4/1
display  D   display_settings.c:529  _al_score_display_settings       [   0.09183] Score is : 589
display  D   display_settings.c:214  debug_display_settings           [   0.09184] color: 24 (rgba 8880), depth: 24, stencil: 8, acc: 0000, samples: 8/1
display  D   display_settings.c:529  _al_score_display_settings       [   0.09184] Score is : 584
display  D   display_settings.c:214  debug_display_settings           [   0.09185] color: 24 (rgba 8880), depth: 24, stencil: 8, acc: 0000, samples: 16/1
display  D   display_settings.c:529  _al_score_display_settings       [   0.09186] Score is : 580
display  D   display_settings.c:214  debug_display_settings           [   0.09186] color: 16 (rgba 5650), depth: 0, stencil: 0, acc: 0000, samples: 0/0
display  D   display_settings.c:529  _al_score_display_settings       [   0.09187] Score is : 769
display  D   display_settings.c:214  debug_display_settings           [   0.09188] color: 16 (rgba 5650), depth: 16, stencil: 0, acc: 0000, samples: 0/0
display  D   display_settings.c:529  _al_score_display_settings       [   0.09188] Score is : 769
display  D   display_settings.c:214  debug_display_settings           [   0.09189] color: 16 (rgba 5650), depth: 24, stencil: 0, acc: 0000, samples: 0/0
display  D   display_settings.c:529  _al_score_display_settings       [   0.09190] Score is : 769
display  D   display_settings.c:214  debug_display_settings           [   0.09190] color: 16 (rgba 5650), depth: 24, stencil: 8, acc: 0000, samples: 0/0
display  D   display_settings.c:529  _al_score_display_settings       [   0.09191] Score is : 769
display  D   display_settings.c:214  debug_display_settings           [   0.09192] color: 16 (rgba 5650), depth: 0, stencil: 0, acc: 0000, samples: 2/1
display  D   display_settings.c:529  _al_score_display_settings       [   0.09192] Score is : 598
display  D   display_settings.c:214  debug_display_settings           [   0.09193] color: 16 (rgba 5650), depth: 0, stencil: 0, acc: 0000, samples: 4/1
display  D   display_settings.c:529  _al_score_display_settings       [   0.09193] Score is : 589
display  D   display_settings.c:214  debug_display_settings           [   0.09194] color: 16 (rgba 5650), depth: 0, stencil: 0, acc: 0000, samples: 8/1
display  D   display_settings.c:529  _al_score_display_settings       [   0.09195] Score is : 584
display  D   display_settings.c:214  debug_display_settings           [   0.09195] color: 16 (rgba 5650), depth: 0, stencil: 0, acc: 0000, samples: 16/1
display  D   display_settings.c:529  _al_score_display_settings       [   0.09196] Score is : 580
display  D   display_settings.c:214  debug_display_settings           [   0.09197] color: 16 (rgba 5650), depth: 16, stencil: 0, acc: 0000, samples: 2/1
display  D   display_settings.c:529  _al_score_display_settings       [   0.09197] Score is : 598
display  D   display_settings.c:214  debug_display_settings           [   0.09198] color: 16 (rgba 5650), depth: 16, stencil: 0, acc: 0000, samples: 4/1
display  D   display_settings.c:529  _al_score_display_settings       [   0.09198] Score is : 589
display  D   display_settings.c:214  debug_display_settings           [   0.09199] color: 16 (rgba 5650), depth: 16, stencil: 0, acc: 0000, samples: 8/1
display  D   display_settings.c:529  _al_score_display_settings       [   0.09200] Score is : 584
display  D   display_settings.c:214  debug_display_settings           [   0.09201] color: 16 (rgba 5650), depth: 16, stencil: 0, acc: 0000, samples: 16/1
display  D   display_settings.c:529  _al_score_display_settings       [   0.09201] Score is : 580
display  D   display_settings.c:214  debug_display_settings           [   0.09202] color: 16 (rgba 5650), depth: 24, stencil: 0, acc: 0000, samples: 2/1
display  D   display_settings.c:529  _al_score_display_settings       [   0.09203] Score is : 598
display  D   display_settings.c:214  debug_display_settings           [   0.09204] color: 16 (rgba 5650), depth: 24, stencil: 0, acc: 0000, samples: 4/1
display  D   display_settings.c:529  _al_score_display_settings       [   0.09204] Score is : 589
display  D   display_settings.c:214  debug_display_settings           [   0.09205] color: 16 (rgba 5650), depth: 24, stencil: 0, acc: 0000, samples: 8/1
display  D   display_settings.c:529  _al_score_display_settings       [   0.09205] Score is : 584
display  D   display_settings.c:214  debug_display_settings           [   0.09206] color: 16 (rgba 5650), depth: 24, stencil: 0, acc: 0000, samples: 16/1
display  D   display_settings.c:529  _al_score_display_settings       [   0.09207] Score is : 580
display  D   display_settings.c:214  debug_display_settings           [   0.09208] color: 16 (rgba 5650), depth: 24, stencil: 8, acc: 0000, samples: 2/1
display  D   display_settings.c:529  _al_score_display_settings       [   0.09208] Score is : 598
display  D   display_settings.c:214  debug_display_settings           [   0.09209] color: 16 (rgba 5650), depth: 24, stencil: 8, acc: 0000, samples: 4/1
display  D   display_settings.c:529  _al_score_display_settings       [   0.09209] Score is : 589
display  D   display_settings.c:214  debug_display_settings           [   0.09210] color: 16 (rgba 5650), depth: 24, stencil: 8, acc: 0000, samples: 8/1
display  D   display_settings.c:529  _al_score_display_settings       [   0.09210] Score is : 584
display  D   display_settings.c:214  debug_display_settings           [   0.09211] color: 16 (rgba 5650), depth: 24, stencil: 8, acc: 0000, samples: 16/1
display  D   display_settings.c:529  _al_score_display_settings       [   0.09212] Score is : 580
display  D   display_settings.c:214  debug_display_settings           [   0.09213] color: 64 (rgba 16161616), depth: 0, stencil: 0, acc: 0000, samples: 0/0
display  D   display_settings.c:529  _al_score_display_settings       [   0.09213] Score is : 769
display  D   display_settings.c:214  debug_display_settings           [   0.09214] color: 64 (rgba 16161616), depth: 16, stencil: 0, acc: 0000, samples: 0/0
display  D   display_settings.c:529  _al_score_display_settings       [   0.09214] Score is : 769
display  D   display_settings.c:214  debug_display_settings           [   0.09215] color: 64 (rgba 16161616), depth: 24, stencil: 0, acc: 0000, samples: 0/0
display  D   display_settings.c:529  _al_score_display_settings       [   0.09216] Score is : 769
display  D   display_settings.c:214  debug_display_settings           [   0.09217] color: 64 (rgba 16161616), depth: 24, stencil: 8, acc: 0000, samples: 0/0
display  D   display_settings.c:529  _al_score_display_settings       [   0.09217] Score is : 769
display  D   display_settings.c:214  debug_display_settings           [   0.09218] color: 64 (rgba 16161616), depth: 0, stencil: 0, acc: 0000, samples: 2/1
display  D   display_settings.c:529  _al_score_display_settings       [   0.09218] Score is : 598
display  D   display_settings.c:214  debug_display_settings           [   0.09219] color: 64 (rgba 16161616), depth: 0, stencil: 0, acc: 0000, samples: 4/1
display  D   display_settings.c:529  _al_score_display_settings       [   0.09220] Score is : 589
display  D   display_settings.c:214  debug_display_settings           [   0.09220] color: 64 (rgba 16161616), depth: 0, stencil: 0, acc: 0000, samples: 8/1
display  D   display_settings.c:529  _al_score_display_settings       [   0.09221] Score is : 584
display  D   display_settings.c:214  debug_display_settings           [   0.09222] color: 64 (rgba 16161616), depth: 0, stencil: 0, acc: 0000, samples: 16/1
display  D   display_settings.c:529  _al_score_display_settings       [   0.09222] Score is : 580
display  D   display_settings.c:214  debug_display_settings           [   0.09224] color: 64 (rgba 16161616), depth: 16, stencil: 0, acc: 0000, samples: 2/1
display  D   display_settings.c:529  _al_score_display_settings       [   0.09224] Score is : 598
display  D   display_settings.c:214  debug_display_settings           [   0.09225] color: 64 (rgba 16161616), depth: 16, stencil: 0, acc: 0000, samples: 4/1
display  D   display_settings.c:529  _al_score_display_settings       [   0.09225] Score is : 589
display  D   display_settings.c:214  debug_display_settings           [   0.09226] color: 64 (rgba 16161616), depth: 16, stencil: 0, acc: 0000, samples: 8/1
display  D   display_settings.c:529  _al_score_display_settings       [   0.09227] Score is : 584
display  D   display_settings.c:214  debug_display_settings           [   0.09228] color: 64 (rgba 16161616), depth: 16, stencil: 0, acc: 0000, samples: 16/1
display  D   display_settings.c:529  _al_score_display_settings       [   0.09228] Score is : 580
display  D   display_settings.c:214  debug_display_settings           [   0.09229] color: 64 (rgba 16161616), depth: 24, stencil: 0, acc: 0000, samples: 2/1
display  D   display_settings.c:529  _al_score_display_settings       [   0.09230] Score is : 598
display  D   display_settings.c:214  debug_display_settings           [   0.09230] color: 64 (rgba 16161616), depth: 24, stencil: 0, acc: 0000, samples: 4/1
display  D   display_settings.c:529  _al_score_display_settings       [   0.09231] Score is : 589
display  D   display_settings.c:214  debug_display_settings           [   0.09232] color: 64 (rgba 16161616), depth: 24, stencil: 0, acc: 0000, samples: 8/1
display  D   display_settings.c:529  _al_score_display_settings       [   0.09232] Score is : 584
display  D   display_settings.c:214  debug_display_settings           [   0.09233] color: 64 (rgba 16161616), depth: 24, stencil: 0, acc: 0000, samples: 16/1
display  D   display_settings.c:529  _al_score_display_settings       [   0.09233] Score is : 580
display  D   display_settings.c:214  debug_display_settings           [   0.09234] color: 64 (rgba 16161616), depth: 24, stencil: 8, acc: 0000, samples: 2/1
display  D   display_settings.c:529  _al_score_display_settings       [   0.09235] Score is : 598
display  D   display_settings.c:214  debug_display_settings           [   0.09236] color: 64 (rgba 16161616), depth: 24, stencil: 8, acc: 0000, samples: 4/1
display  D   display_settings.c:529  _al_score_display_settings       [   0.09236] Score is : 589
display  D   display_settings.c:214  debug_display_settings           [   0.09237] color: 64 (rgba 16161616), depth: 24, stencil: 8, acc: 0000, samples: 8/1
display  D   display_settings.c:529  _al_score_display_settings       [   0.09237] Score is : 584
display  D   display_settings.c:214  debug_display_settings           [   0.09238] color: 64 (rgba 16161616), depth: 24, stencil: 8, acc: 0000, samples: 16/1
display  D   display_settings.c:529  _al_score_display_settings       [   0.09239] Score is : 580
display  D   display_settings.c:214  debug_display_settings           [   0.09240] color: 48 (rgba 1616160), depth: 0, stencil: 0, acc: 0000, samples: 0/0
display  D   display_settings.c:529  _al_score_display_settings       [   0.09240] Score is : 769
display  D   display_settings.c:214  debug_display_settings           [   0.09241] color: 48 (rgba 1616160), depth: 16, stencil: 0, acc: 0000, samples: 0/0
display  D   display_settings.c:529  _al_score_display_settings       [   0.09241] Score is : 769
display  D   display_settings.c:214  debug_display_settings           [   0.09242] color: 48 (rgba 1616160), depth: 24, stencil: 0, acc: 0000, samples: 0/0
display  D   display_settings.c:529  _al_score_display_settings       [   0.09243] Score is : 769
display  D   display_settings.c:214  debug_display_settings           [   0.09244] color: 48 (rgba 1616160), depth: 24, stencil: 8, acc: 0000, samples: 0/0
display  D   display_settings.c:529  _al_score_display_settings       [   0.09244] Score is : 769
display  D   display_settings.c:214  debug_display_settings           [   0.09246] color: 48 (rgba 1616160), depth: 0, stencil: 0, acc: 0000, samples: 2/1
display  D   display_settings.c:529  _al_score_display_settings       [   0.09246] Score is : 598
display  D   display_settings.c:214  debug_display_settings           [   0.09247] color: 48 (rgba 1616160), depth: 0, stencil: 0, acc: 0000, samples: 4/1
display  D   display_settings.c:529  _al_score_display_settings       [   0.09247] Score is : 589
display  D   display_settings.c:214  debug_display_settings           [   0.09248] color: 48 (rgba 1616160), depth: 0, stencil: 0, acc: 0000, samples: 8/1
display  D   display_settings.c:529  _al_score_display_settings       [   0.09249] Score is : 584
display  D   display_settings.c:214  debug_display_settings           [   0.09249] color: 48 (rgba 1616160), depth: 0, stencil: 0, acc: 0000, samples: 16/1
display  D   display_settings.c:529  _al_score_display_settings       [   0.09250] Score is : 580
display  D   display_settings.c:214  debug_display_settings           [   0.09251] color: 48 (rgba 1616160), depth: 16, stencil: 0, acc: 0000, samples: 2/1
display  D   display_settings.c:529  _al_score_display_settings       [   0.09251] Score is : 598
display  D   display_settings.c:214  debug_display_settings           [   0.09252] color: 48 (rgba 1616160), depth: 16, stencil: 0, acc: 0000, samples: 4/1
display  D   display_settings.c:529  _al_score_display_settings       [   0.09253] Score is : 589
display  D   display_settings.c:214  debug_display_settings           [   0.09254] color: 48 (rgba 1616160), depth: 16, stencil: 0, acc: 0000, samples: 8/1
display  D   display_settings.c:529  _al_score_display_settings       [   0.09254] Score is : 584
display  D   display_settings.c:214  debug_display_settings           [   0.09255] color: 48 (rgba 1616160), depth: 16, stencil: 0, acc: 0000, samples: 16/1
display  D   display_settings.c:529  _al_score_display_settings       [   0.09255] Score is : 580
display  D   display_settings.c:214  debug_display_settings           [   0.09256] color: 48 (rgba 1616160), depth: 24, stencil: 0, acc: 0000, samples: 2/1
display  D   display_settings.c:529  _al_score_display_settings       [   0.09257] Score is : 598
display  D   display_settings.c:214  debug_display_settings           [   0.09258] color: 48 (rgba 1616160), depth: 24, stencil: 0, acc: 0000, samples: 4/1
display  D   display_settings.c:529  _al_score_display_settings       [   0.09258] Score is : 589
display  D   display_settings.c:214  debug_display_settings           [   0.09259] color: 48 (rgba 1616160), depth: 24, stencil: 0, acc: 0000, samples: 8/1
display  D   display_settings.c:529  _al_score_display_settings       [   0.09259] Score is : 584
display  D   display_settings.c:214  debug_display_settings           [   0.09260] color: 48 (rgba 1616160), depth: 24, stencil: 0, acc: 0000, samples: 16/1
display  D   display_settings.c:529  _al_score_display_settings       [   0.09261] Score is : 580
display  D   display_settings.c:214  debug_display_settings           [   0.09262] color: 48 (rgba 1616160), depth: 24, stencil: 8, acc: 0000, samples: 2/1
display  D   display_settings.c:529  _al_score_display_settings       [   0.09262] Score is : 598
display  D   display_settings.c:214  debug_display_settings           [   0.09263] color: 48 (rgba 1616160), depth: 24, stencil: 8, acc: 0000, samples: 4/1
display  D   display_settings.c:529  _al_score_display_settings       [   0.09264] Score is : 589
display  D   display_settings.c:214  debug_display_settings           [   0.09264] color: 48 (rgba 1616160), depth: 24, stencil: 8, acc: 0000, samples: 8/1
display  D   display_settings.c:529  _al_score_display_settings       [   0.09265] Score is : 584
display  D   display_settings.c:214  debug_display_settings           [   0.09266] color: 48 (rgba 1616160), depth: 24, stencil: 8, acc: 0000, samples: 16/1
display  D   display_settings.c:529  _al_score_display_settings       [   0.09266] Score is : 580
wleglconfig I        wleglconfig.c:159  _al_wlegl_config_select_visual   [   0.09267] 140 usable EGL configs.
display  W   display_settings.c:671  _al_deduce_color_format          [   0.09269] Could not deduce color format, sizes = (10,10,10,2,32), shifts = (0,0,0,0)
display  W   display_settings.c:671  _al_deduce_color_format          [   0.09270] Could not deduce color format, sizes = (10,10,10,2,32), shifts = (0,0,0,0)
display  W   display_settings.c:671  _al_deduce_color_format          [   0.09270] Could not deduce color format, sizes = (10,10,10,2,32), shifts = (0,0,0,0)
display  W   display_settings.c:671  _al_deduce_color_format          [   0.09270] Could not deduce color format, sizes = (10,10,10,2,32), shifts = (0,0,0,0)
display  W   display_settings.c:671  _al_deduce_color_format          [   0.09271] Could not deduce color format, sizes = (10,10,10,0,30), shifts = (0,0,0,0)
display  W   display_settings.c:671  _al_deduce_color_format          [   0.09271] Could not deduce color format, sizes = (10,10,10,0,30), shifts = (0,0,0,0)
display  W   display_settings.c:671  _al_deduce_color_format          [   0.09271] Could not deduce color format, sizes = (10,10,10,0,30), shifts = (0,0,0,0)
display  W   display_settings.c:671  _al_deduce_color_format          [   0.09272] Could not deduce color format, sizes = (10,10,10,0,30), shifts = (0,0,0,0)
wleglconfig I        wleglconfig.c:185  _al_wlegl_config_select_visual   [   0.09272] Chose EGL config 0x55b6177db0d0.
wleglconfig D        wleglconfig.c:308  _al_wlegl_config_create_context  [   0.12964] Got EGL context.
opengl   D         extensions.c:127  parse_opengl_version             [   0.12969] Parsed '4.6 (Compatibility Profile) Mesa 25.0.7-2' as 0x04060000
opengl   I         extensions.c:695  fill_in_info_struct              [   0.12970] Assumed OpenGL version: 4.6.0.0
opengl   I         extensions.c:759  _al_ogl_manage_extensions        [   0.12970] glXGetProcAddress Extension: supported
opengl   D         extensions.c:294  load_extension                   [   0.12972] glBlendFuncSeparate successfully loaded (0x7f808b01f1c0)
opengl   D         extensions.c:294  load_extension                   [   0.12973] glFogCoordf successfully loaded (0x7f808b023ca0)
opengl   D         extensions.c:294  load_extension                   [   0.12973] glFogCoordfv successfully loaded (0x7f808b023ce0)
opengl   D         extensions.c:294  load_extension                   [   0.12974] glFogCoordd successfully loaded (0x7f808b023c20)
opengl   D         extensions.c:294  load_extension                   [   0.12974] glFogCoorddv successfully loaded (0x7f808b023c60)
opengl   D         extensions.c:294  load_extension                   [   0.12974] glFogCoordPointer successfully loaded (0x7f808b023bc0)
opengl   D         extensions.c:294  load_extension                   [   0.12975] glMultiDrawArrays successfully loaded (0x7f808b02aea0)
opengl   D         extensions.c:294  load_extension                   [   0.12975] glMultiDrawElements successfully loaded (0x7f808b02afe0)
opengl   D         extensions.c:294  load_extension                   [   0.12976] glPointParameterf successfully loaded (0x7f808b02d7a0)
opengl   D         extensions.c:294  load_extension                   [   0.12976] glPointParameterfv successfully loaded (0x7f808b02d820)
opengl   D         extensions.c:294  load_extension                   [   0.12976] glPointParameteri successfully loaded (0x7f808b02d8a0)
opengl   D         extensions.c:294  load_extension                   [   0.12977] glPointParameteriv successfully loaded (0x7f808b02d8e0)
opengl   D         extensions.c:294  load_extension                   [   0.12977] glSecondaryColor3b successfully loaded (0x7f808b030920)
opengl   D         extensions.c:294  load_extension                   [   0.12978] glSecondaryColor3bv successfully loaded (0x7f808b030960)
opengl   D         extensions.c:294  load_extension                   [   0.12978] glSecondaryColor3d successfully loaded (0x7f808b0309a0)
opengl   D         extensions.c:294  load_extension                   [   0.12978] glSecondaryColor3dv successfully loaded (0x7f808b0309e0)
opengl   D         extensions.c:294  load_extension                   [   0.12979] glSecondaryColor3f successfully loaded (0x7f808b030a20)
opengl   D         extensions.c:294  load_extension                   [   0.12980] glSecondaryColor3fv successfully loaded (0x7f808b030a60)
opengl   D         extensions.c:294  load_extension                   [   0.12980] glSecondaryColor3i successfully loaded (0x7f808b030ae0)
opengl   D         extensions.c:294  load_extension                   [   0.12980] glSecondaryColor3iv successfully loaded (0x7f808b030b20)
opengl   D         extensions.c:294  load_extension                   [   0.12981] glSecondaryColor3s successfully loaded (0x7f808b030b60)
opengl   D         extensions.c:294  load_extension                   [   0.12981] glSecondaryColor3sv successfully loaded (0x7f808b030ba0)
opengl   D         extensions.c:294  load_extension                   [   0.12981] glSecondaryColor3ub successfully loaded (0x7f808b030be0)
opengl   D         extensions.c:294  load_extension                   [   0.12982] glSecondaryColor3ubv successfully loaded (0x7f808b030c20)
opengl   D         extensions.c:294  load_extension                   [   0.12982] glSecondaryColor3ui successfully loaded (0x7f808b030c60)
opengl   D         extensions.c:294  load_extension                   [   0.12982] glSecondaryColor3uiv successfully loaded (0x7f808b030ca0)
opengl   D         extensions.c:294  load_extension                   [   0.12983] glSecondaryColor3us successfully loaded (0x7f808b030ce0)
opengl   D         extensions.c:294  load_extension                   [   0.12983] glSecondaryColor3usv successfully loaded (0x7f808b030d20)
opengl   D         extensions.c:294  load_extension                   [   0.12983] glSecondaryColorPointer successfully loaded (0x7f808b030dc0)
opengl   D         extensions.c:294  load_extension                   [   0.12984] glWindowPos2d successfully loaded (0x7f808b037bc0)
opengl   D         extensions.c:294  load_extension                   [   0.12984] glWindowPos2dv successfully loaded (0x7f808b037c20)
opengl   D         extensions.c:294  load_extension                   [   0.12984] glWindowPos2f successfully loaded (0x7f808b037c80)
opengl   D         extensions.c:294  load_extension                   [   0.12985] glWindowPos2fv successfully loaded (0x7f808b037ce0)
opengl   D         extensions.c:294  load_extension                   [   0.12985] glWindowPos2i successfully loaded (0x7f808b037d40)
opengl   D         extensions.c:294  load_extension                   [   0.12985] glWindowPos2iv successfully loaded (0x7f808b037da0)
opengl   D         extensions.c:294  load_extension                   [   0.12986] glWindowPos2s successfully loaded (0x7f808b037e00)
opengl   D         extensions.c:294  load_extension                   [   0.12986] glWindowPos2sv successfully loaded (0x7f808b037e60)
opengl   D         extensions.c:294  load_extension                   [   0.12986] glWindowPos3d successfully loaded (0x7f808b037ec0)
opengl   D         extensions.c:294  load_extension                   [   0.12986] glWindowPos3dv successfully loaded (0x7f808b037f20)
opengl   D         extensions.c:294  load_extension                   [   0.12987] glWindowPos3f successfully loaded (0x7f808b037f80)
opengl   D         extensions.c:294  load_extension                   [   0.12987] glWindowPos3fv successfully loaded (0x7f808b037fe0)
opengl   D         extensions.c:294  load_extension                   [   0.12987] glWindowPos3i successfully loaded (0x7f808b038040)
opengl   D         extensions.c:294  load_extension                   [   0.12987] glWindowPos3iv successfully loaded (0x7f808b0380a0)
opengl   D         extensions.c:294  load_extension                   [   0.12988] glWindowPos3s successfully loaded (0x7f808b038100)
opengl   D         extensions.c:294  load_extension                   [   0.12988] glWindowPos3sv successfully loaded (0x7f808b038160)
opengl   D         extensions.c:294  load_extension                   [   0.12990] glBindBuffer successfully loaded (0x7f808b01e660)
opengl   D         extensions.c:294  load_extension                   [   0.12991] glDeleteBuffers successfully loaded (0x7f808b021ae0)
opengl   D         extensions.c:294  load_extension                   [   0.12991] glGenBuffers successfully loaded (0x7f808b0246a0)
opengl   D         extensions.c:294  load_extension                   [   0.12991] glIsBuffer successfully loaded (0x7f808b0294a0)
opengl   D         extensions.c:294  load_extension                   [   0.12991] glBufferData successfully loaded (0x7f808b01f460)
opengl   D         extensions.c:294  load_extension                   [   0.12992] glBufferSubData successfully loaded (0x7f808b01f5a0)
opengl   D         extensions.c:294  load_extension                   [   0.12992] glGetBufferSubData successfully loaded (0x7f808b024f80)
opengl   D         extensions.c:294  load_extension                   [   0.12992] glMapBuffer successfully loaded (0x7f808b02a420)
opengl   D         extensions.c:294  load_extension                   [   0.12992] glUnmapBuffer successfully loaded (0x7f808b0346c0)
opengl   D         extensions.c:294  load_extension                   [   0.12993] glGetBufferParameteriv successfully loaded (0x7f808b024ec0)
opengl   D         extensions.c:294  load_extension                   [   0.12993] glGetBufferPointerv successfully loaded (0x7f808b024f20)
opengl   D         extensions.c:294  load_extension                   [   0.12993] glGenQueries successfully loaded (0x7f808b0248c0)
opengl   D         extensions.c:294  load_extension                   [   0.12993] glDeleteQueries successfully loaded (0x7f808b021dc0)
opengl   D         extensions.c:294  load_extension                   [   0.12994] glIsQuery successfully loaded (0x7f808b0298a0)
opengl   D         extensions.c:294  load_extension                   [   0.12994] glBeginQuery successfully loaded (0x7f808b01e4e0)
opengl   D         extensions.c:294  load_extension                   [   0.12994] glEndQuery successfully loaded (0x7f808b023360)
opengl   D         extensions.c:294  load_extension                   [   0.12994] glGetQueryiv successfully loaded (0x7f808b027360)
opengl   D         extensions.c:294  load_extension                   [   0.12994] glGetQueryObjectiv successfully loaded (0x7f808b027240)
opengl   D         extensions.c:294  load_extension                   [   0.12995] glGetQueryObjectuiv successfully loaded (0x7f808b027300)
opengl   D         extensions.c:294  load_extension                   [   0.12995] glBlendEquationSeparate successfully loaded (0x7f808b01f000)
opengl   D         extensions.c:294  load_extension                   [   0.12995] glCreateProgram successfully loaded (0x7f808b0215a0)
opengl   D         extensions.c:294  load_extension                   [   0.12995] glCreateShader successfully loaded (0x7f808b0216a0)
opengl   D         extensions.c:294  load_extension                   [   0.12995] glDeleteProgram successfully loaded (0x7f808b021d20)
opengl   D         extensions.c:294  load_extension                   [   0.12996] glDeleteShader successfully loaded (0x7f808b021ee0)
opengl   D         extensions.c:294  load_extension                   [   0.12996] glAttachShader successfully loaded (0x7f808b01e3c0)
opengl   D         extensions.c:294  load_extension                   [   0.12996] glDetachShader successfully loaded (0x7f808b0222e0)
opengl   D         extensions.c:294  load_extension                   [   0.12996] glShaderSource successfully loaded (0x7f808b031040)
opengl   D         extensions.c:294  load_extension                   [   0.12996] glCompileShader successfully loaded (0x7f808b020860)
opengl   D         extensions.c:294  load_extension                   [   0.12997] glIsProgram successfully loaded (0x7f808b029800)
opengl   D         extensions.c:294  load_extension                   [   0.12997] glIsShader successfully loaded (0x7f808b0299a0)
opengl   D         extensions.c:294  load_extension                   [   0.12997] glLinkProgram successfully loaded (0x7f808b029ec0)
opengl   D         extensions.c:294  load_extension                   [   0.12997] glUseProgram successfully loaded (0x7f808b0347e0)
opengl   D         extensions.c:294  load_extension                   [   0.12998] glValidateProgram successfully loaded (0x7f808b034a00)
opengl   D         extensions.c:294  load_extension                   [   0.12998] glUniform1f successfully loaded (0x7f808b033720)
opengl   D         extensions.c:294  load_extension                   [   0.12998] glUniform2f successfully loaded (0x7f808b0339e0)
opengl   D         extensions.c:294  load_extension                   [   0.12998] glUniform3f successfully loaded (0x7f808b033ca0)
opengl   D         extensions.c:294  load_extension                   [   0.12998] glUniform4f successfully loaded (0x7f808b033f60)
opengl   D         extensions.c:294  load_extension                   [   0.12999] glUniform1i successfully loaded (0x7f808b0337a0)
opengl   D         extensions.c:294  load_extension                   [   0.12999] glUniform2i successfully loaded (0x7f808b033a60)
opengl   D         extensions.c:294  load_extension                   [   0.12999] glUniform3i successfully loaded (0x7f808b033d20)
opengl   D         extensions.c:294  load_extension                   [   0.12999] glUniform4i successfully loaded (0x7f808b033fe0)
opengl   D         extensions.c:294  load_extension                   [   0.12999] glUniform1fv successfully loaded (0x7f808b033760)
opengl   D         extensions.c:294  load_extension                   [   0.13000] glUniform2fv successfully loaded (0x7f808b033a20)
opengl   D         extensions.c:294  load_extension                   [   0.13001] glUniform3fv successfully loaded (0x7f808b033ce0)
opengl   D         extensions.c:294  load_extension                   [   0.13001] glUniform4fv successfully loaded (0x7f808b033fa0)
opengl   D         extensions.c:294  load_extension                   [   0.13002] glUniform1iv successfully loaded (0x7f808b033860)
opengl   D         extensions.c:294  load_extension                   [   0.13002] glUniform2iv successfully loaded (0x7f808b033b20)
opengl   D         extensions.c:294  load_extension                   [   0.13002] glUniform3iv successfully loaded (0x7f808b033de0)
opengl   D         extensions.c:294  load_extension                   [   0.13002] glUniform4iv successfully loaded (0x7f808b0340a0)
opengl   D         extensions.c:294  load_extension                   [   0.13003] glUniformMatrix2fv successfully loaded (0x7f808b034300)
opengl   D         extensions.c:294  load_extension                   [   0.13003] glUniformMatrix3fv successfully loaded (0x7f808b034420)
opengl   D         extensions.c:294  load_extension                   [   0.13003] glUniformMatrix4fv successfully loaded (0x7f808b034540)
opengl   D         extensions.c:294  load_extension                   [   0.13004] glGetShaderfv successfully loaded (0x7f808b038300)
opengl   D         extensions.c:294  load_extension                   [   0.13005] glGetShaderiv successfully loaded (0x7f808b027620)
opengl   D         extensions.c:294  load_extension                   [   0.13005] glGetProgramfv successfully loaded (0x7f808b038320)
opengl   D         extensions.c:294  load_extension                   [   0.13006] glGetProgramiv successfully loaded (0x7f808b027100)
opengl   D         extensions.c:294  load_extension                   [   0.13006] glGetShaderInfoLog successfully loaded (0x7f808b0275a0)
opengl   D         extensions.c:294  load_extension                   [   0.13006] glGetProgramInfoLog successfully loaded (0x7f808b026de0)
opengl   D         extensions.c:294  load_extension                   [   0.13006] glGetAttachedShaders successfully loaded (0x7f808b024de0)
opengl   D         extensions.c:294  load_extension                   [   0.13006] glGetUniformLocation successfully loaded (0x7f808b027f80)
opengl   D         extensions.c:294  load_extension                   [   0.13007] glGetActiveUniform successfully loaded (0x7f808b024ca0)
opengl   D         extensions.c:294  load_extension                   [   0.13007] glGetUniformfv successfully loaded (0x7f808b028020)
opengl   D         extensions.c:294  load_extension                   [   0.13007] glGetUniformiv successfully loaded (0x7f808b0280a0)
opengl   D         extensions.c:294  load_extension                   [   0.13007] glGetShaderSource successfully loaded (0x7f808b0275e0)
opengl   D         extensions.c:294  load_extension                   [   0.13008] glVertexAttrib1f successfully loaded (0x7f808b035580)
opengl   D         extensions.c:294  load_extension                   [   0.13008] glVertexAttrib1s successfully loaded (0x7f808b035680)
opengl   D         extensions.c:294  load_extension                   [   0.13008] glVertexAttrib1d successfully loaded (0x7f808b0354c0)
opengl   D         extensions.c:294  load_extension                   [   0.13008] glVertexAttrib2f successfully loaded (0x7f808b035800)
opengl   D         extensions.c:294  load_extension                   [   0.13009] glVertexAttrib2s successfully loaded (0x7f808b035900)
opengl   D         extensions.c:294  load_extension                   [   0.13009] glVertexAttrib2d successfully loaded (0x7f808b035740)
opengl   D         extensions.c:294  load_extension                   [   0.13009] glVertexAttrib3f successfully loaded (0x7f808b035a80)
opengl   D         extensions.c:294  load_extension                   [   0.13009] glVertexAttrib3s successfully loaded (0x7f808b035b80)
opengl   D         extensions.c:294  load_extension                   [   0.13009] glVertexAttrib3d successfully loaded (0x7f808b0359c0)
opengl   D         extensions.c:294  load_extension                   [   0.13010] glVertexAttrib4f successfully loaded (0x7f808b035f00)
opengl   D         extensions.c:294  load_extension                   [   0.13010] glVertexAttrib4s successfully loaded (0x7f808b036040)
opengl   D         extensions.c:294  load_extension                   [   0.13010] glVertexAttrib4d successfully loaded (0x7f808b035e40)
opengl   D         extensions.c:294  load_extension                   [   0.13010] glVertexAttrib4Nub successfully loaded (0x7f808b035d00)
opengl   D         extensions.c:294  load_extension                   [   0.13010] glVertexAttrib1fv successfully loaded (0x7f808b0355e0)
opengl   D         extensions.c:294  load_extension                   [   0.13011] glVertexAttrib1sv successfully loaded (0x7f808b0356e0)
opengl   D         extensions.c:294  load_extension                   [   0.13011] glVertexAttrib1dv successfully loaded (0x7f808b035520)
opengl   D         extensions.c:294  load_extension                   [   0.13011] glVertexAttrib2fv successfully loaded (0x7f808b035860)
opengl   D         extensions.c:294  load_extension                   [   0.13012] glVertexAttrib2sv successfully loaded (0x7f808b035960)
opengl   D         extensions.c:294  load_extension                   [   0.13012] glVertexAttrib2dv successfully loaded (0x7f808b0357a0)
opengl   D         extensions.c:294  load_extension                   [   0.13012] glVertexAttrib3fv successfully loaded (0x7f808b035ae0)
opengl   D         extensions.c:294  load_extension                   [   0.13012] glVertexAttrib3sv successfully loaded (0x7f808b035be0)
opengl   D         extensions.c:294  load_extension                   [   0.13012] glVertexAttrib3dv successfully loaded (0x7f808b035a20)
opengl   D         extensions.c:294  load_extension                   [   0.13013] glVertexAttrib4fv successfully loaded (0x7f808b035f60)
opengl   D         extensions.c:294  load_extension                   [   0.13013] glVertexAttrib4sv successfully loaded (0x7f808b0360a0)
opengl   D         extensions.c:294  load_extension                   [   0.13013] glVertexAttrib4dv successfully loaded (0x7f808b035ea0)
opengl   D         extensions.c:294  load_extension                   [   0.13013] glVertexAttrib4iv successfully loaded (0x7f808b036000)
opengl   D         extensions.c:294  load_extension                   [   0.13013] glVertexAttrib4bv successfully loaded (0x7f808b035e00)
opengl   D         extensions.c:294  load_extension                   [   0.13014] glVertexAttrib4ubv successfully loaded (0x7f808b036120)
opengl   D         extensions.c:294  load_extension                   [   0.13014] glVertexAttrib4usv successfully loaded (0x7f808b0361c0)
opengl   D         extensions.c:294  load_extension                   [   0.13014] glVertexAttrib4uiv successfully loaded (0x7f808b036180)
opengl   D         extensions.c:294  load_extension                   [   0.13014] glVertexAttrib4Nbv successfully loaded (0x7f808b035c40)
opengl   D         extensions.c:294  load_extension                   [   0.13014] glVertexAttrib4Nsv successfully loaded (0x7f808b035cc0)
opengl   D         extensions.c:294  load_extension                   [   0.13015] glVertexAttrib4Niv successfully loaded (0x7f808b035c80)
opengl   D         extensions.c:294  load_extension                   [   0.13015] glVertexAttrib4Nubv successfully loaded (0x7f808b035d40)
opengl   D         extensions.c:294  load_extension                   [   0.13015] glVertexAttrib4Nusv successfully loaded (0x7f808b035dc0)
opengl   D         extensions.c:294  load_extension                   [   0.13015] glVertexAttrib4Nuiv successfully loaded (0x7f808b035d80)
opengl   D         extensions.c:294  load_extension                   [   0.13015] glVertexAttribPointer successfully loaded (0x7f808b036e80)
opengl   D         extensions.c:294  load_extension                   [   0.13016] glEnableVertexAttribArray successfully loaded (0x7f808b023180)
opengl   D         extensions.c:294  load_extension                   [   0.13016] glDisableVertexAttribArray successfully loaded (0x7f808b0224c0)
opengl   D         extensions.c:294  load_extension                   [   0.13016] glBindAttribLocation successfully loaded (0x7f808b01e620)
opengl   D         extensions.c:294  load_extension                   [   0.13016] glGetActiveAttrib successfully loaded (0x7f808b024c00)
opengl   D         extensions.c:294  load_extension                   [   0.13016] glGetAttribLocation successfully loaded (0x7f808b024e00)
opengl   D         extensions.c:294  load_extension                   [   0.13017] glGetVertexAttribdv successfully loaded (0x7f808b028520)
opengl   D         extensions.c:294  load_extension                   [   0.13017] glGetVertexAttribfv successfully loaded (0x7f808b028580)
opengl   D         extensions.c:294  load_extension                   [   0.13017] glGetVertexAttribiv successfully loaded (0x7f808b0285e0)
opengl   D         extensions.c:294  load_extension                   [   0.13017] glGetVertexAttribPointerv successfully loaded (0x7f808b0284c0)
opengl   D         extensions.c:294  load_extension                   [   0.13017] glDrawBuffers successfully loaded (0x7f808b022760)
opengl   D         extensions.c:294  load_extension                   [   0.13018] glStencilOpSeparate successfully loaded (0x7f808b031460)
opengl   D         extensions.c:294  load_extension                   [   0.13018] glStencilFuncSeparate successfully loaded (0x7f808b0313c0)
opengl   D         extensions.c:294  load_extension                   [   0.13018] glStencilMaskSeparate successfully loaded (0x7f808b031420)
opengl   D         extensions.c:294  load_extension                   [   0.13018] glUniformMatrix2x3fv successfully loaded (0x7f808b034360)
opengl   D         extensions.c:294  load_extension                   [   0.13019] glUniformMatrix3x2fv successfully loaded (0x7f808b034480)
opengl   D         extensions.c:294  load_extension                   [   0.13019] glUniformMatrix2x4fv successfully loaded (0x7f808b0343c0)
opengl   D         extensions.c:294  load_extension                   [   0.13019] glUniformMatrix4x2fv successfully loaded (0x7f808b0345a0)
opengl   D         extensions.c:294  load_extension                   [   0.13019] glUniformMatrix3x4fv successfully loaded (0x7f808b0344e0)
opengl   D         extensions.c:294  load_extension                   [   0.13019] glUniformMatrix4x3fv successfully loaded (0x7f808b034600)
opengl   D         extensions.c:294  load_extension                   [   0.13020] glColorMaski successfully loaded (0x7f808b0204a0)
opengl   D         extensions.c:294  load_extension                   [   0.13020] glGetBooleani_v successfully loaded (0x7f808b024e60)
opengl   D         extensions.c:294  load_extension                   [   0.13020] glGetIntegeri_v successfully loaded (0x7f808b025c60)
opengl   D         extensions.c:294  load_extension                   [   0.13020] glEnablei successfully loaded (0x7f808b0231c0)
opengl   D         extensions.c:294  load_extension                   [   0.13021] glDisablei successfully loaded (0x7f808b022500)
opengl   D         extensions.c:294  load_extension                   [   0.13021] glIsEnabledi successfully loaded (0x7f808b029560)
opengl   D         extensions.c:294  load_extension                   [   0.13021] glBeginTransformFeedback successfully loaded (0x7f808b01e560)
opengl   D         extensions.c:294  load_extension                   [   0.13021] glEndTransformFeedback successfully loaded (0x7f808b023400)
opengl   D         extensions.c:294  load_extension                   [   0.13021] glBindBufferRange successfully loaded (0x7f808b01e740)
opengl   D         extensions.c:294  load_extension                   [   0.13022] glBindBufferBase successfully loaded (0x7f808b01e6a0)
opengl   D         extensions.c:294  load_extension                   [   0.13022] glTransformFeedbackVaryings successfully loaded (0x7f808b0335e0)
opengl   D         extensions.c:294  load_extension                   [   0.13022] glGetTransformFeedbackVarying successfully loaded (0x7f808b027e40)
opengl   D         extensions.c:294  load_extension                   [   0.13022] glClampColor successfully loaded (0x7f808b01f6e0)
opengl   D         extensions.c:294  load_extension                   [   0.13022] glBeginConditionalRender successfully loaded (0x7f808b01e400)
opengl   D         extensions.c:294  load_extension                   [   0.13023] glEndConditionalRender successfully loaded (0x7f808b023260)
opengl   D         extensions.c:294  load_extension                   [   0.13023] glVertexAttribI1i successfully loaded (0x7f808b036320)
opengl   D         extensions.c:294  load_extension                   [   0.13023] glVertexAttribI2i successfully loaded (0x7f808b036420)
opengl   D         extensions.c:294  load_extension                   [   0.13023] glVertexAttribI3i successfully loaded (0x7f808b036520)
opengl   D         extensions.c:294  load_extension                   [   0.13023] glVertexAttribI4i successfully loaded (0x7f808b036660)
opengl   D         extensions.c:294  load_extension                   [   0.13024] glVertexAttribI1ui successfully loaded (0x7f808b0363a0)
opengl   D         extensions.c:294  load_extension                   [   0.13024] glVertexAttribI2ui successfully loaded (0x7f808b0364a0)
opengl   D         extensions.c:294  load_extension                   [   0.13024] glVertexAttribI3ui successfully loaded (0x7f808b0365a0)
opengl   D         extensions.c:294  load_extension                   [   0.13024] glVertexAttribI4ui successfully loaded (0x7f808b036760)
opengl   D         extensions.c:294  load_extension                   [   0.13024] glVertexAttribI1iv successfully loaded (0x7f808b036360)
opengl   D         extensions.c:294  load_extension                   [   0.13025] glVertexAttribI2iv successfully loaded (0x7f808b036460)
opengl   D         extensions.c:294  load_extension                   [   0.13025] glVertexAttribI3iv successfully loaded (0x7f808b036560)
opengl   D         extensions.c:294  load_extension                   [   0.13025] glVertexAttribI4iv successfully loaded (0x7f808b0366a0)
opengl   D         extensions.c:294  load_extension                   [   0.13025] glVertexAttribI1uiv successfully loaded (0x7f808b0363e0)
opengl   D         extensions.c:294  load_extension                   [   0.13025] glVertexAttribI2uiv successfully loaded (0x7f808b0364e0)
opengl   D         extensions.c:294  load_extension                   [   0.13025] glVertexAttribI3uiv successfully loaded (0x7f808b0365e0)
opengl   D         extensions.c:294  load_extension                   [   0.13026] glVertexAttribI4uiv successfully loaded (0x7f808b0367a0)
opengl   D         extensions.c:294  load_extension                   [   0.13026] glVertexAttribI4bv successfully loaded (0x7f808b036620)
opengl   D         extensions.c:294  load_extension                   [   0.13026] glVertexAttribI4sv successfully loaded (0x7f808b0366e0)
opengl   D         extensions.c:294  load_extension                   [   0.13027] glVertexAttribI4ubv successfully loaded (0x7f808b036720)
opengl   D         extensions.c:294  load_extension                   [   0.13027] glVertexAttribI4usv successfully loaded (0x7f808b0367e0)
opengl   D         extensions.c:294  load_extension                   [   0.13027] glVertexAttribIPointer successfully loaded (0x7f808b036860)
opengl   D         extensions.c:294  load_extension                   [   0.13027] glGetVertexAttribIiv successfully loaded (0x7f808b0283a0)
opengl   D         extensions.c:294  load_extension                   [   0.13027] glGetVertexAttribIuiv successfully loaded (0x7f808b0283e0)
opengl   D         extensions.c:294  load_extension                   [   0.13028] glGetUniformuiv successfully loaded (0x7f808b028120)
opengl   D         extensions.c:294  load_extension                   [   0.13028] glBindFragDataLocation successfully loaded (0x7f808b01e7e0)
opengl   D         extensions.c:294  load_extension                   [   0.13028] glGetFragDataLocation successfully loaded (0x7f808b0257a0)
opengl   D         extensions.c:294  load_extension                   [   0.13028] glUniform1ui successfully loaded (0x7f808b0338a0)
opengl   D         extensions.c:294  load_extension                   [   0.13028] glUniform2ui successfully loaded (0x7f808b033b60)
opengl   D         extensions.c:294  load_extension                   [   0.13029] glUniform3ui successfully loaded (0x7f808b033e20)
opengl   D         extensions.c:294  load_extension                   [   0.13029] glUniform4ui successfully loaded (0x7f808b0340e0)
opengl   D         extensions.c:294  load_extension                   [   0.13029] glUniform1uiv successfully loaded (0x7f808b033960)
opengl   D         extensions.c:294  load_extension                   [   0.13029] glUniform2uiv successfully loaded (0x7f808b033c20)
opengl   D         extensions.c:294  load_extension                   [   0.13029] glUniform3uiv successfully loaded (0x7f808b033ee0)
opengl   D         extensions.c:294  load_extension                   [   0.13030] glUniform4uiv successfully loaded (0x7f808b0341a0)
opengl   D         extensions.c:294  load_extension                   [   0.13030] glTexParameterIiv successfully loaded (0x7f808b0328a0)
opengl   D         extensions.c:294  load_extension                   [   0.13030] glTexParameterIuiv successfully loaded (0x7f808b032900)
opengl   D         extensions.c:294  load_extension                   [   0.13030] glGetTexParameterIiv successfully loaded (0x7f808b027a20)
opengl   D         extensions.c:294  load_extension                   [   0.13030] glGetTexParameterIuiv successfully loaded (0x7f808b027a80)
opengl   D         extensions.c:294  load_extension                   [   0.13031] glClearBufferiv successfully loaded (0x7f808b01f800)
opengl   D         extensions.c:294  load_extension                   [   0.13031] glClearBufferuiv successfully loaded (0x7f808b01f820)
opengl   D         extensions.c:294  load_extension                   [   0.13031] glClearBufferfv successfully loaded (0x7f808b01f7e0)
opengl   D         extensions.c:294  load_extension                   [   0.13031] glClearBufferfi successfully loaded (0x7f808b01f7c0)
opengl   D         extensions.c:294  load_extension                   [   0.13031] glGetStringi successfully loaded (0x7f808b0276e0)
opengl   D         extensions.c:294  load_extension                   [   0.13032] glDrawArraysInstanced successfully loaded (0x7f808b022660)
opengl   D         extensions.c:294  load_extension                   [   0.13032] glDrawElementsInstanced successfully loaded (0x7f808b022980)
opengl   D         extensions.c:294  load_extension                   [   0.13032] glTexBuffer successfully loaded (0x7f808b031880)
opengl   D         extensions.c:294  load_extension                   [   0.13032] glPrimitiveRestartIndex successfully loaded (0x7f808b02dd60)
opengl   D         extensions.c:294  load_extension                   [   0.13033] glGetInteger64i_v successfully loaded (0x7f808b025bc0)
opengl   D         extensions.c:294  load_extension                   [   0.13033] glGetBufferParameteri64v successfully loaded (0x7f808b024ea0)
opengl   D         extensions.c:294  load_extension                   [   0.13033] glProgramParameteri successfully loaded (0x7f808b02e280)
opengl   D         extensions.c:294  load_extension                   [   0.13033] glFramebufferTexture successfully loaded (0x7f808b0242a0)
opengl   D         extensions.c:294  load_extension                   [   0.13033] glClearBufferData successfully loaded (0x7f808b01f780)
opengl   D         extensions.c:294  load_extension                   [   0.13034] glClearBufferSubData successfully loaded (0x7f808b01f7a0)
opengl   D         extensions.c:294  load_extension                   [   0.13034] glDispatchCompute successfully loaded (0x7f808b0225a0)
opengl   D         extensions.c:294  load_extension                   [   0.13034] glDispatchComputeIndirect successfully loaded (0x7f808b0225e0)
opengl   D         extensions.c:294  load_extension                   [   0.13034] glCopyImageSubData successfully loaded (0x7f808b020fe0)
opengl   D         extensions.c:294  load_extension                   [   0.13035] glFramebufferParameteri successfully loaded (0x7f808b024140)
opengl   D         extensions.c:294  load_extension                   [   0.13035] glGetFramebufferParameteriv successfully loaded (0x7f808b025900)
opengl   D         extensions.c:294  load_extension                   [   0.13035] glGetInternalformati64v successfully loaded (0x7f808b025d20)
opengl   D         extensions.c:294  load_extension                   [   0.13035] glInvalidateTexSubImage successfully loaded (0x7f808b029460)
opengl   D         extensions.c:294  load_extension                   [   0.13035] glInvalidateTexImage successfully loaded (0x7f808b029440)
opengl   D         extensions.c:294  load_extension                   [   0.13036] glInvalidateBufferSubData successfully loaded (0x7f808b0293a0)
opengl   D         extensions.c:294  load_extension                   [   0.13036] glInvalidateBufferData successfully loaded (0x7f808b029380)
opengl   D         extensions.c:294  load_extension                   [   0.13036] glInvalidateFramebuffer successfully loaded (0x7f808b0293c0)
opengl   D         extensions.c:294  load_extension                   [   0.13036] glInvalidateSubFramebuffer successfully loaded (0x7f808b029420)
opengl   D         extensions.c:294  load_extension                   [   0.13036] glMultiDrawArraysIndirect successfully loaded (0x7f808b02aee0)
opengl   D         extensions.c:294  load_extension                   [   0.13037] glMultiDrawElementsIndirect successfully loaded (0x7f808b02b060)
opengl   D         extensions.c:294  load_extension                   [   0.13037] glGetProgramInterfaceiv successfully loaded (0x7f808b026e00)
opengl   D         extensions.c:294  load_extension                   [   0.13037] glGetProgramResourceIndex successfully loaded (0x7f808b026fa0)
opengl   D         extensions.c:294  load_extension                   [   0.13037] glGetProgramResourceName successfully loaded (0x7f808b027020)
opengl   D         extensions.c:294  load_extension                   [   0.13037] glGetProgramResourceiv successfully loaded (0x7f808b027060)
opengl   D         extensions.c:294  load_extension                   [   0.13038] glGetProgramResourceLocation successfully loaded (0x7f808b026fc0)
opengl   D         extensions.c:294  load_extension                   [   0.13038] glGetProgramResourceLocationIndex successfully loaded (0x7f808b026fe0)
opengl   D         extensions.c:294  load_extension                   [   0.13038] glShaderStorageBlockBinding successfully loaded (0x7f808b031080)
opengl   D         extensions.c:294  load_extension                   [   0.13038] glTexBufferRange successfully loaded (0x7f808b031900)
opengl   D         extensions.c:294  load_extension                   [   0.13039] glTexStorage2DMultisample successfully loaded (0x7f808b032b00)
opengl   D         extensions.c:294  load_extension                   [   0.13039] glTexStorage3DMultisample successfully loaded (0x7f808b032b60)
opengl   D         extensions.c:294  load_extension                   [   0.13039] glTextureView successfully loaded (0x7f808b0334e0)
opengl   D         extensions.c:294  load_extension                   [   0.13039] glBindVertexBuffer successfully loaded (0x7f808b01ec80)
opengl   D         extensions.c:294  load_extension                   [   0.13039] glVertexAttribFormat successfully loaded (0x7f808b0362e0)
opengl   D         extensions.c:294  load_extension                   [   0.13040] glVertexAttribIFormat successfully loaded (0x7f808b036820)
opengl   D         extensions.c:294  load_extension                   [   0.13040] glVertexAttribLFormat successfully loaded (0x7f808b036ce0)
opengl   D         extensions.c:294  load_extension                   [   0.13040] glVertexAttribBinding successfully loaded (0x7f808b036220)
opengl   D         extensions.c:294  load_extension                   [   0.13040] glVertexBindingDivisor successfully loaded (0x7f808b037100)
opengl   D         extensions.c:294  load_extension                   [   0.13040] glDebugMessageControl successfully loaded (0x7f808b021920)
opengl   D         extensions.c:294  load_extension                   [   0.13041] glDebugMessageInsert successfully loaded (0x7f808b0219c0)
opengl   D         extensions.c:294  load_extension                   [   0.13041] glDebugMessageCallback successfully loaded (0x7f808b021880)
opengl   D         extensions.c:294  load_extension                   [   0.13041] glGetDebugMessageLog successfully loaded (0x7f808b025420)
opengl   D         extensions.c:294  load_extension                   [   0.13041] glPushDebugGroup successfully loaded (0x7f808b02f5c0)
opengl   D         extensions.c:294  load_extension                   [   0.13041] glPopDebugGroup successfully loaded (0x7f808b02dbc0)
opengl   D         extensions.c:294  load_extension                   [   0.13042] glObjectLabel successfully loaded (0x7f808b02cea0)
opengl   D         extensions.c:294  load_extension                   [   0.13042] glGetObjectLabel successfully loaded (0x7f808b0266e0)
opengl   D         extensions.c:294  load_extension                   [   0.13042] glObjectPtrLabel successfully loaded (0x7f808b02cf00)
opengl   D         extensions.c:294  load_extension                   [   0.13042] glGetObjectPtrLabel successfully loaded (0x7f808b0267c0)
opengl   D         extensions.c:294  load_extension                   [   0.13043] glLoadTransposeMatrixfARB successfully loaded (0x7f808b02a160)
opengl   D         extensions.c:294  load_extension                   [   0.13043] glLoadTransposeMatrixdARB successfully loaded (0x7f808b02a120)
opengl   D         extensions.c:294  load_extension                   [   0.13043] glMultTransposeMatrixfARB successfully loaded (0x7f808b02ae60)
opengl   D         extensions.c:294  load_extension                   [   0.13043] glMultTransposeMatrixdARB successfully loaded (0x7f808b02ae20)
opengl   D         extensions.c:294  load_extension                   [   0.13043] glSampleCoverageARB successfully loaded (0x7f808b0304a0)
opengl   D         extensions.c:294  load_extension                   [   0.13044] glCompressedTexImage3DARB successfully loaded (0x7f808b020a20)
opengl   D         extensions.c:294  load_extension                   [   0.13044] glCompressedTexImage2DARB successfully loaded (0x7f808b0209e0)
opengl   D         extensions.c:294  load_extension                   [   0.13044] glCompressedTexImage1DARB successfully loaded (0x7f808b0209a0)
opengl   D         extensions.c:294  load_extension                   [   0.13045] glCompressedTexSubImage3DARB successfully loaded (0x7f808b020b20)
opengl   D         extensions.c:294  load_extension                   [   0.13045] glCompressedTexSubImage2DARB successfully loaded (0x7f808b020ae0)
opengl   D         extensions.c:294  load_extension                   [   0.13045] glCompressedTexSubImage1DARB successfully loaded (0x7f808b020aa0)
opengl   D         extensions.c:294  load_extension                   [   0.13045] glGetCompressedTexImageARB successfully loaded (0x7f808b025280)
opengl   D         extensions.c:294  load_extension                   [   0.13045] glPointParameterfARB successfully loaded (0x7f808b02d7c0)
opengl   D         extensions.c:294  load_extension                   [   0.13046] glPointParameterfvARB successfully loaded (0x7f808b02d840)
opengl   D         extensions.c:294  load_extension                   [   0.13046] glWeightbvARB successfully loaded (0x7f808b037aa0)
opengl   D         extensions.c:294  load_extension                   [   0.13046] glWeightsvARB successfully loaded (0x7f808b037b20)
opengl   D         extensions.c:294  load_extension                   [   0.13046] glWeightivARB successfully loaded (0x7f808b037b00)
opengl   D         extensions.c:294  load_extension                   [   0.13046] glWeightfvARB successfully loaded (0x7f808b037ae0)
opengl   D         extensions.c:294  load_extension                   [   0.13047] glWeightdvARB successfully loaded (0x7f808b037ac0)
opengl   D         extensions.c:294  load_extension                   [   0.13047] glWeightubvARB successfully loaded (0x7f808b037b40)
opengl   D         extensions.c:294  load_extension                   [   0.13047] glWeightusvARB successfully loaded (0x7f808b037b80)
opengl   D         extensions.c:294  load_extension                   [   0.13047] glWeightuivARB successfully loaded (0x7f808b037b60)
opengl   D         extensions.c:294  load_extension                   [   0.13047] glWeightPointerARB successfully loaded (0x7f808b037a60)
opengl   D         extensions.c:294  load_extension                   [   0.13047] glVertexBlendARB successfully loaded (0x7f808b037120)
opengl   D         extensions.c:294  load_extension                   [   0.13048] glCurrentPaletteMatrixARB successfully loaded (0x7f808b021840)
opengl   D         extensions.c:294  load_extension                   [   0.13048] glMatrixIndexubvARB successfully loaded (0x7f808b02a880)
opengl   D         extensions.c:294  load_extension                   [   0.13048] glMatrixIndexusvARB successfully loaded (0x7f808b02a8c0)
opengl   D         extensions.c:294  load_extension                   [   0.13048] glMatrixIndexuivARB successfully loaded (0x7f808b02a8a0)
opengl   D         extensions.c:294  load_extension                   [   0.13048] glMatrixIndexPointerARB successfully loaded (0x7f808b02a840)
opengl   D         extensions.c:294  load_extension                   [   0.13049] glWindowPos2dARB successfully loaded (0x7f808b037be0)
opengl   D         extensions.c:294  load_extension                   [   0.13049] glWindowPos2dvARB successfully loaded (0x7f808b037c40)
opengl   D         extensions.c:294  load_extension                   [   0.13049] glWindowPos2fARB successfully loaded (0x7f808b037ca0)
opengl   D         extensions.c:294  load_extension                   [   0.13049] glWindowPos2fvARB successfully loaded (0x7f808b037d00)
opengl   D         extensions.c:294  load_extension                   [   0.13049] glWindowPos2iARB successfully loaded (0x7f808b037d60)
opengl   D         extensions.c:294  load_extension                   [   0.13050] glWindowPos2ivARB successfully loaded (0x7f808b037dc0)
opengl   D         extensions.c:294  load_extension                   [   0.13050] glWindowPos2sARB successfully loaded (0x7f808b037e20)
opengl   D         extensions.c:294  load_extension                   [   0.13050] glWindowPos2svARB successfully loaded (0x7f808b037e80)
opengl   D         extensions.c:294  load_extension                   [   0.13050] glWindowPos3dARB successfully loaded (0x7f808b037ee0)
opengl   D         extensions.c:294  load_extension                   [   0.13051] glWindowPos3dvARB successfully loaded (0x7f808b037f40)
opengl   D         extensions.c:294  load_extension                   [   0.13051] glWindowPos3fARB successfully loaded (0x7f808b037fa0)
opengl   D         extensions.c:294  load_extension                   [   0.13051] glWindowPos3fvARB successfully loaded (0x7f808b038000)
opengl   D         extensions.c:294  load_extension                   [   0.13051] glWindowPos3iARB successfully loaded (0x7f808b038060)
opengl   D         extensions.c:294  load_extension                   [   0.13052] glWindowPos3ivARB successfully loaded (0x7f808b0380c0)
opengl   D         extensions.c:294  load_extension                   [   0.13052] glWindowPos3sARB successfully loaded (0x7f808b038120)
opengl   D         extensions.c:294  load_extension                   [   0.13052] glWindowPos3svARB successfully loaded (0x7f808b038180)
opengl   D         extensions.c:294  load_extension                   [   0.13052] glVertexAttrib1dARB successfully loaded (0x7f808b0354e0)
opengl   D         extensions.c:294  load_extension                   [   0.13052] glVertexAttrib1dvARB successfully loaded (0x7f808b035540)
opengl   D         extensions.c:294  load_extension                   [   0.13053] glVertexAttrib1fARB successfully loaded (0x7f808b0355a0)
opengl   D         extensions.c:294  load_extension                   [   0.13053] glVertexAttrib1fvARB successfully loaded (0x7f808b035600)
opengl   D         extensions.c:294  load_extension                   [   0.13053] glVertexAttrib1sARB successfully loaded (0x7f808b0356a0)
opengl   D         extensions.c:294  load_extension                   [   0.13053] glVertexAttrib1svARB successfully loaded (0x7f808b035700)
opengl   D         extensions.c:294  load_extension                   [   0.13053] glVertexAttrib2dARB successfully loaded (0x7f808b035760)
opengl   D         extensions.c:294  load_extension                   [   0.13054] glVertexAttrib2dvARB successfully loaded (0x7f808b0357c0)
opengl   D         extensions.c:294  load_extension                   [   0.13054] glVertexAttrib2fARB successfully loaded (0x7f808b035820)
opengl   D         extensions.c:294  load_extension                   [   0.13054] glVertexAttrib2fvARB successfully loaded (0x7f808b035880)
opengl   D         extensions.c:294  load_extension                   [   0.13054] glVertexAttrib2sARB successfully loaded (0x7f808b035920)
opengl   D         extensions.c:294  load_extension                   [   0.13054] glVertexAttrib2svARB successfully loaded (0x7f808b035980)
opengl   D         extensions.c:294  load_extension                   [   0.13057] glVertexAttrib3dARB successfully loaded (0x7f808b0359e0)
opengl   D         extensions.c:294  load_extension                   [   0.13057] glVertexAttrib3dvARB successfully loaded (0x7f808b035a40)
opengl   D         extensions.c:294  load_extension                   [   0.13057] glVertexAttrib3fARB successfully loaded (0x7f808b035aa0)
opengl   D         extensions.c:294  load_extension                   [   0.13057] glVertexAttrib3fvARB successfully loaded (0x7f808b035b00)
opengl   D         extensions.c:294  load_extension                   [   0.13058] glVertexAttrib3sARB successfully loaded (0x7f808b035ba0)
opengl   D         extensions.c:294  load_extension                   [   0.13058] glVertexAttrib3svARB successfully loaded (0x7f808b035c00)
opengl   D         extensions.c:294  load_extension                   [   0.13058] glVertexAttrib4NbvARB successfully loaded (0x7f808b035c60)
opengl   D         extensions.c:294  load_extension                   [   0.13058] glVertexAttrib4NivARB successfully loaded (0x7f808b035ca0)
opengl   D         extensions.c:294  load_extension                   [   0.13058] glVertexAttrib4NsvARB successfully loaded (0x7f808b035ce0)
opengl   D         extensions.c:294  load_extension                   [   0.13059] glVertexAttrib4NubARB successfully loaded (0x7f808b035d20)
opengl   D         extensions.c:294  load_extension                   [   0.13059] glVertexAttrib4NubvARB successfully loaded (0x7f808b035d60)
opengl   D         extensions.c:294  load_extension                   [   0.13059] glVertexAttrib4NuivARB successfully loaded (0x7f808b035da0)
opengl   D         extensions.c:294  load_extension                   [   0.13060] glVertexAttrib4NusvARB successfully loaded (0x7f808b035de0)
opengl   D         extensions.c:294  load_extension                   [   0.13060] glVertexAttrib4bvARB successfully loaded (0x7f808b035e20)
opengl   D         extensions.c:294  load_extension                   [   0.13060] glVertexAttrib4dARB successfully loaded (0x7f808b035e60)
opengl   D         extensions.c:294  load_extension                   [   0.13060] glVertexAttrib4dvARB successfully loaded (0x7f808b035ec0)
opengl   D         extensions.c:294  load_extension                   [   0.13061] glVertexAttrib4fARB successfully loaded (0x7f808b035f20)
opengl   D         extensions.c:294  load_extension                   [   0.13061] glVertexAttrib4fvARB successfully loaded (0x7f808b035f80)
opengl   D         extensions.c:294  load_extension                   [   0.13061] glVertexAttrib4ivARB successfully loaded (0x7f808b036020)
opengl   D         extensions.c:294  load_extension                   [   0.13061] glVertexAttrib4sARB successfully loaded (0x7f808b036060)
opengl   D         extensions.c:294  load_extension                   [   0.13061] glVertexAttrib4svARB successfully loaded (0x7f808b0360c0)
opengl   D         extensions.c:294  load_extension                   [   0.13062] glVertexAttrib4ubvARB successfully loaded (0x7f808b036140)
opengl   D         extensions.c:294  load_extension                   [   0.13062] glVertexAttrib4uivARB successfully loaded (0x7f808b0361a0)
opengl   D         extensions.c:294  load_extension                   [   0.13062] glVertexAttrib4usvARB successfully loaded (0x7f808b0361e0)
opengl   D         extensions.c:294  load_extension                   [   0.13062] glVertexAttribPointerARB successfully loaded (0x7f808b036ea0)
opengl   D         extensions.c:294  load_extension                   [   0.13062] glEnableVertexAttribArrayARB successfully loaded (0x7f808b0231a0)
opengl   D         extensions.c:294  load_extension                   [   0.13063] glDisableVertexAttribArrayARB successfully loaded (0x7f808b0224e0)
opengl   D         extensions.c:294  load_extension                   [   0.13063] glProgramStringARB successfully loaded (0x7f808b02e340)
opengl   D         extensions.c:294  load_extension                   [   0.13063] glBindProgramARB successfully loaded (0x7f808b01e9c0)
opengl   D         extensions.c:294  load_extension                   [   0.13065] glDeleteProgramsARB successfully loaded (0x7f808b021d80)
opengl   D         extensions.c:294  load_extension                   [   0.13065] glGenProgramsARB successfully loaded (0x7f808b024880)
opengl   D         extensions.c:294  load_extension                   [   0.13065] glProgramEnvParameter4dARB successfully loaded (0x7f808b02dec0)
opengl   D         extensions.c:294  load_extension                   [   0.13066] glProgramEnvParameter4dvARB successfully loaded (0x7f808b02dee0)
opengl   D         extensions.c:294  load_extension                   [   0.13066] glProgramEnvParameter4fARB successfully loaded (0x7f808b02df00)
opengl   D         extensions.c:294  load_extension                   [   0.13066] glProgramEnvParameter4fvARB successfully loaded (0x7f808b02df20)
opengl   D         extensions.c:294  load_extension                   [   0.13066] glProgramLocalParameter4dARB successfully loaded (0x7f808b02e020)
opengl   D         extensions.c:294  load_extension                   [   0.13067] glProgramLocalParameter4dvARB successfully loaded (0x7f808b02e040)
opengl   D         extensions.c:294  load_extension                   [   0.13067] glProgramLocalParameter4fARB successfully loaded (0x7f808b02e060)
opengl   D         extensions.c:294  load_extension                   [   0.13067] glProgramLocalParameter4fvARB successfully loaded (0x7f808b02e080)
opengl   D         extensions.c:294  load_extension                   [   0.13067] glGetProgramEnvParameterdvARB successfully loaded (0x7f808b026da0)
opengl   D         extensions.c:294  load_extension                   [   0.13068] glGetProgramEnvParameterfvARB successfully loaded (0x7f808b026dc0)
opengl   D         extensions.c:294  load_extension                   [   0.13068] glGetProgramLocalParameterdvARB successfully loaded (0x7f808b026e60)
opengl   D         extensions.c:294  load_extension                   [   0.13068] glGetProgramLocalParameterfvARB successfully loaded (0x7f808b026e80)
opengl   D         extensions.c:294  load_extension                   [   0.13068] glGetProgramivARB successfully loaded (0x7f808b027120)
opengl   D         extensions.c:294  load_extension                   [   0.13068] glGetProgramStringARB successfully loaded (0x7f808b0270a0)
opengl   D         extensions.c:294  load_extension                   [   0.13069] glGetVertexAttribdvARB successfully loaded (0x7f808b028540)
opengl   D         extensions.c:294  load_extension                   [   0.13069] glGetVertexAttribfvARB successfully loaded (0x7f808b0285a0)
opengl   D         extensions.c:294  load_extension                   [   0.13069] glGetVertexAttribivARB successfully loaded (0x7f808b028600)
opengl   D         extensions.c:294  load_extension                   [   0.13070] glGetVertexAttribPointervARB successfully loaded (0x7f808b0284e0)
opengl   D         extensions.c:294  load_extension                   [   0.13070] glIsProgramARB successfully loaded (0x7f808b029820)
opengl   D         extensions.c:294  load_extension                   [   0.13070] glBindBufferARB successfully loaded (0x7f808b01e680)
opengl   D         extensions.c:294  load_extension                   [   0.13071] glDeleteBuffersARB successfully loaded (0x7f808b021b00)
opengl   D         extensions.c:294  load_extension                   [   0.13072] glGenBuffersARB successfully loaded (0x7f808b0246c0)
opengl   D         extensions.c:294  load_extension                   [   0.13072] glIsBufferARB successfully loaded (0x7f808b0294c0)
opengl   D         extensions.c:294  load_extension                   [   0.13073] glBufferDataARB successfully loaded (0x7f808b01f480)
opengl   D         extensions.c:294  load_extension                   [   0.13073] glBufferSubDataARB successfully loaded (0x7f808b01f5c0)
opengl   D         extensions.c:294  load_extension                   [   0.13073] glGetBufferSubDataARB successfully loaded (0x7f808b024fa0)
opengl   D         extensions.c:294  load_extension                   [   0.13074] glMapBufferARB successfully loaded (0x7f808b02a440)
opengl   D         extensions.c:294  load_extension                   [   0.13074] glUnmapBufferARB successfully loaded (0x7f808b0346e0)
opengl   D         extensions.c:294  load_extension                   [   0.13074] glGetBufferParameterivARB successfully loaded (0x7f808b024ee0)
opengl   D         extensions.c:294  load_extension                   [   0.13075] glGetBufferPointervARB successfully loaded (0x7f808b024f40)
opengl   D         extensions.c:294  load_extension                   [   0.13075] glGenQueriesARB successfully loaded (0x7f808b0248e0)
opengl   D         extensions.c:294  load_extension                   [   0.13075] glDeleteQueriesARB successfully loaded (0x7f808b021de0)
opengl   D         extensions.c:294  load_extension                   [   0.13076] glIsQueryARB successfully loaded (0x7f808b0298c0)
opengl   D         extensions.c:294  load_extension                   [   0.13076] glBeginQueryARB successfully loaded (0x7f808b01e500)
opengl   D         extensions.c:294  load_extension                   [   0.13076] glEndQueryARB successfully loaded (0x7f808b023380)
opengl   D         extensions.c:294  load_extension                   [   0.13077] glGetQueryivARB successfully loaded (0x7f808b027380)
opengl   D         extensions.c:294  load_extension                   [   0.13077] glGetQueryObjectivARB successfully loaded (0x7f808b027260)
opengl   D         extensions.c:294  load_extension                   [   0.13078] glGetQueryObjectuivARB successfully loaded (0x7f808b027320)
opengl   D         extensions.c:294  load_extension                   [   0.13078] glDeleteObjectARB successfully loaded (0x7f808b021c80)
opengl   D         extensions.c:294  load_extension                   [   0.13081] glGetHandleARB successfully loaded (0x7f808b025a00)
opengl   D         extensions.c:294  load_extension                   [   0.13081] glDetachObjectARB successfully loaded (0x7f808b0222c0)
opengl   D         extensions.c:294  load_extension                   [   0.13082] glCreateShaderObjectARB successfully loaded (0x7f808b0216c0)
opengl   D         extensions.c:294  load_extension                   [   0.13083] glShaderSourceARB successfully loaded (0x7f808b031060)
opengl   D         extensions.c:294  load_extension                   [   0.13085] glCompileShaderARB successfully loaded (0x7f808b020880)
opengl   D         extensions.c:294  load_extension                   [   0.13085] glCreateProgramObjectARB successfully loaded (0x7f808b0215c0)
opengl   D         extensions.c:294  load_extension                   [   0.13086] glAttachObjectARB successfully loaded (0x7f808b01e3a0)
opengl   D         extensions.c:294  load_extension                   [   0.13088] glLinkProgramARB successfully loaded (0x7f808b029ee0)
opengl   D         extensions.c:294  load_extension                   [   0.13089] glUseProgramObjectARB successfully loaded (0x7f808b034800)
opengl   D         extensions.c:294  load_extension                   [   0.13089] glValidateProgramARB successfully loaded (0x7f808b034a20)
opengl   D         extensions.c:294  load_extension                   [   0.13089] glUniform1fARB successfully loaded (0x7f808b033740)
opengl   D         extensions.c:294  load_extension                   [   0.13090] glUniform2fARB successfully loaded (0x7f808b033a00)
opengl   D         extensions.c:294  load_extension                   [   0.13090] glUniform3fARB successfully loaded (0x7f808b033cc0)
opengl   D         extensions.c:294  load_extension                   [   0.13090] glUniform4fARB successfully loaded (0x7f808b033f80)
opengl   D         extensions.c:294  load_extension                   [   0.13091] glUniform1iARB successfully loaded (0x7f808b033840)
opengl   D         extensions.c:294  load_extension                   [   0.13093] glUniform2iARB successfully loaded (0x7f808b033b00)
opengl   D         extensions.c:294  load_extension                   [   0.13093] glUniform3iARB successfully loaded (0x7f808b033dc0)
opengl   D         extensions.c:294  load_extension                   [   0.13094] glUniform4iARB successfully loaded (0x7f808b034080)
opengl   D         extensions.c:294  load_extension                   [   0.13094] glUniform1fvARB successfully loaded (0x7f808b033780)
opengl   D         extensions.c:294  load_extension                   [   0.13096] glUniform2fvARB successfully loaded (0x7f808b033a40)
opengl   D         extensions.c:294  load_extension                   [   0.13096] glUniform3fvARB successfully loaded (0x7f808b033d00)
opengl   D         extensions.c:294  load_extension                   [   0.13097] glUniform4fvARB successfully loaded (0x7f808b033fc0)
opengl   D         extensions.c:294  load_extension                   [   0.13097] glUniform1ivARB successfully loaded (0x7f808b033880)
opengl   D         extensions.c:294  load_extension                   [   0.13097] glUniform2ivARB successfully loaded (0x7f808b033b40)
opengl   D         extensions.c:294  load_extension                   [   0.13098] glUniform3ivARB successfully loaded (0x7f808b033e00)
opengl   D         extensions.c:294  load_extension                   [   0.13098] glUniform4ivARB successfully loaded (0x7f808b0340c0)
opengl   D         extensions.c:294  load_extension                   [   0.13098] glUniformMatrix2fvARB successfully loaded (0x7f808b034320)
opengl   D         extensions.c:294  load_extension                   [   0.13099] glUniformMatrix3fvARB successfully loaded (0x7f808b034440)
opengl   D         extensions.c:294  load_extension                   [   0.13100] glUniformMatrix4fvARB successfully loaded (0x7f808b034560)
opengl   D         extensions.c:294  load_extension                   [   0.13100] glGetObjectParameterfvARB successfully loaded (0x7f808b026760)
opengl   D         extensions.c:294  load_extension                   [   0.13100] glGetObjectParameterivARB successfully loaded (0x7f808b0267a0)
opengl   D         extensions.c:294  load_extension                   [   0.13101] glGetInfoLogARB successfully loaded (0x7f808b025b80)
opengl   D         extensions.c:294  load_extension                   [   0.13101] glGetAttachedObjectsARB successfully loaded (0x7f808b024dc0)
opengl   D         extensions.c:294  load_extension                   [   0.13101] glGetUniformLocationARB successfully loaded (0x7f808b027fa0)
opengl   D         extensions.c:294  load_extension                   [   0.13102] glGetActiveUniformARB successfully loaded (0x7f808b024cc0)
opengl   D         extensions.c:294  load_extension                   [   0.13102] glGetUniformfvARB successfully loaded (0x7f808b028040)
opengl   D         extensions.c:294  load_extension                   [   0.13103] glGetUniformivARB successfully loaded (0x7f808b0280c0)
opengl   D         extensions.c:294  load_extension                   [   0.13103] glGetShaderSourceARB successfully loaded (0x7f808b027600)
opengl   D         extensions.c:294  load_extension                   [   0.13103] glBindAttribLocationARB successfully loaded (0x7f808b01e640)
opengl   D         extensions.c:294  load_extension                   [   0.13104] glGetActiveAttribARB successfully loaded (0x7f808b024c20)
opengl   D         extensions.c:294  load_extension                   [   0.13104] glGetAttribLocationARB successfully loaded (0x7f808b024e20)
opengl   D         extensions.c:294  load_extension                   [   0.13105] glDrawBuffersARB successfully loaded (0x7f808b022780)
opengl   D         extensions.c:294  load_extension                   [   0.13105] glClampColorARB successfully loaded (0x7f808b01f700)
opengl   D         extensions.c:294  load_extension                   [   0.13106] glDrawArraysInstancedARB successfully loaded (0x7f808b0226a0)
opengl   D         extensions.c:294  load_extension                   [   0.13106] glDrawElementsInstancedARB successfully loaded (0x7f808b0229c0)
opengl   D         extensions.c:294  load_extension                   [   0.13107] glIsRenderbuffer successfully loaded (0x7f808b029900)
opengl   D         extensions.c:294  load_extension                   [   0.13107] glBindRenderbuffer successfully loaded (0x7f808b01ea40)
opengl   D         extensions.c:294  load_extension                   [   0.13107] glDeleteRenderbuffers successfully loaded (0x7f808b021e40)
opengl   D         extensions.c:294  load_extension                   [   0.13108] glGenRenderbuffers successfully loaded (0x7f808b024940)
opengl   D         extensions.c:294  load_extension                   [   0.13108] glRenderbufferStorage successfully loaded (0x7f808b02fe40)
opengl   D         extensions.c:294  load_extension                   [   0.13108] glGetRenderbufferParameteriv successfully loaded (0x7f808b0273c0)
opengl   D         extensions.c:294  load_extension                   [   0.13109] glIsFramebuffer successfully loaded (0x7f808b029620)
opengl   D         extensions.c:294  load_extension                   [   0.13109] glBindFramebuffer successfully loaded (0x7f808b01e880)
opengl   D         extensions.c:294  load_extension                   [   0.13109] glDeleteFramebuffers successfully loaded (0x7f808b021ba0)
opengl   D         extensions.c:294  load_extension                   [   0.13110] glGenFramebuffers successfully loaded (0x7f808b024740)
opengl   D         extensions.c:294  load_extension                   [   0.13110] glCheckFramebufferStatus successfully loaded (0x7f808b01f640)
opengl   D         extensions.c:294  load_extension                   [   0.13111] glFramebufferTexture1D successfully loaded (0x7f808b0242c0)
opengl   D         extensions.c:294  load_extension                   [   0.13111] glFramebufferTexture2D successfully loaded (0x7f808b024300)
opengl   D         extensions.c:294  load_extension                   [   0.13112] glFramebufferTexture3D successfully loaded (0x7f808b0243c0)
opengl   D         extensions.c:294  load_extension                   [   0.13112] glFramebufferRenderbuffer successfully loaded (0x7f808b0241c0)
opengl   D         extensions.c:294  load_extension                   [   0.13112] glGetFramebufferAttachmentParameteriv successfully loaded (0x7f808b025880)
opengl   D         extensions.c:294  load_extension                   [   0.13113] glGenerateMipmap successfully loaded (0x7f808b024b20)
opengl   D         extensions.c:294  load_extension                   [   0.13113] glBlitFramebuffer successfully loaded (0x7f808b01f380)
opengl   D         extensions.c:294  load_extension                   [   0.13113] glRenderbufferStorageMultisample successfully loaded (0x7f808b02fe80)
opengl   D         extensions.c:294  load_extension                   [   0.13114] glFramebufferTextureLayer successfully loaded (0x7f808b0244a0)
opengl   D         extensions.c:294  load_extension                   [   0.13114] glProgramParameteriARB successfully loaded (0x7f808b02e2a0)
opengl   D         extensions.c:294  load_extension                   [   0.13114] glFramebufferTextureARB successfully loaded (0x7f808b024420)
opengl   D         extensions.c:294  load_extension                   [   0.13115] glFramebufferTextureLayerARB successfully loaded (0x7f808b0244c0)
opengl   D         extensions.c:294  load_extension                   [   0.13115] glFramebufferTextureFaceARB successfully loaded (0x7f808b024460)
opengl   D         extensions.c:294  load_extension                   [   0.13115] glVertexAttribDivisor successfully loaded (0x7f808b036240)
opengl   D         extensions.c:294  load_extension                   [   0.13116] glMapBufferRange successfully loaded (0x7f808b02a480)
opengl   D         extensions.c:294  load_extension                   [   0.13116] glFlushMappedBufferRange successfully loaded (0x7f808b023a60)
opengl   D         extensions.c:294  load_extension                   [   0.13116] glTexBufferARB successfully loaded (0x7f808b0318a0)
opengl   D         extensions.c:294  load_extension                   [   0.13117] glBindVertexArray successfully loaded (0x7f808b01ec20)
opengl   D         extensions.c:294  load_extension                   [   0.13117] glDeleteVertexArrays successfully loaded (0x7f808b022000)
opengl   D         extensions.c:294  load_extension                   [   0.13117] glGenVertexArrays successfully loaded (0x7f808b024aa0)
opengl   D         extensions.c:294  load_extension                   [   0.13118] glIsVertexArray successfully loaded (0x7f808b029b20)
opengl   D         extensions.c:294  load_extension                   [   0.13118] glGetUniformIndices successfully loaded (0x7f808b027f60)
opengl   D         extensions.c:294  load_extension                   [   0.13119] glGetActiveUniformsiv successfully loaded (0x7f808b024d40)
opengl   D         extensions.c:294  load_extension                   [   0.13119] glGetActiveUniformName successfully loaded (0x7f808b024d20)
opengl   D         extensions.c:294  load_extension                   [   0.13120] glGetUniformBlockIndex successfully loaded (0x7f808b027f20)
opengl   D         extensions.c:294  load_extension                   [   0.13120] glGetActiveUniformBlockiv successfully loaded (0x7f808b024d00)
opengl   D         extensions.c:294  load_extension                   [   0.13120] glGetActiveUniformBlockName successfully loaded (0x7f808b024ce0)
opengl   D         extensions.c:294  load_extension                   [   0.13121] glUniformBlockBinding successfully loaded (0x7f808b0341e0)
opengl   D         extensions.c:294  load_extension                   [   0.13121] glCopyBufferSubData successfully loaded (0x7f808b020ea0)
opengl   D         extensions.c:294  load_extension                   [   0.13122] glDrawElementsBaseVertex successfully loaded (0x7f808b022900)
opengl   D         extensions.c:294  load_extension                   [   0.13122] glDrawRangeElementsBaseVertex successfully loaded (0x7f808b022c00)
opengl   D         extensions.c:294  load_extension                   [   0.13123] glDrawElementsInstancedBaseVertex successfully loaded (0x7f808b022a20)
opengl   D         extensions.c:294  load_extension                   [   0.13123] glMultiDrawElementsBaseVertex successfully loaded (0x7f808b02b000)
opengl   D         extensions.c:294  load_extension                   [   0.13123] glProvokingVertex successfully loaded (0x7f808b02f520)
opengl   D         extensions.c:294  load_extension                   [   0.13124] glFenceSync successfully loaded (0x7f808b023900)
opengl   D         extensions.c:294  load_extension                   [   0.13124] glIsSync successfully loaded (0x7f808b0299e0)
opengl   D         extensions.c:294  load_extension                   [   0.13124] glDeleteSync successfully loaded (0x7f808b021f20)
opengl   D         extensions.c:294  load_extension                   [   0.13125] glClientWaitSync successfully loaded (0x7f808b01fc20)
opengl   D         extensions.c:294  load_extension                   [   0.13125] glWaitSync successfully loaded (0x7f808b0379c0)
opengl   D         extensions.c:294  load_extension                   [   0.13125] glGetInteger64v successfully loaded (0x7f808b025be0)
opengl   D         extensions.c:294  load_extension                   [   0.13126] glGetSynciv successfully loaded (0x7f808b027740)
opengl   D         extensions.c:294  load_extension                   [   0.13126] glTexImage2DMultisample successfully loaded (0x7f808b032720)
opengl   D         extensions.c:294  load_extension                   [   0.13127] glTexImage3DMultisample successfully loaded (0x7f808b0327a0)
opengl   D         extensions.c:294  load_extension                   [   0.13127] glGetMultisamplefv successfully loaded (0x7f808b026340)
opengl   D         extensions.c:294  load_extension                   [   0.13127] glSampleMaski successfully loaded (0x7f808b030580)
opengl   D         extensions.c:294  load_extension                   [   0.13128] glBlendEquationi successfully loaded (0x7f808b01f100)
opengl   D         extensions.c:294  load_extension                   [   0.13128] glBlendEquationSeparatei successfully loaded (0x7f808b01f080)
opengl   D         extensions.c:294  load_extension                   [   0.13128] glBlendFunci successfully loaded (0x7f808b01f2e0)
opengl   D         extensions.c:294  load_extension                   [   0.13129] glBlendFuncSeparatei successfully loaded (0x7f808b01f260)
opengl   D         extensions.c:294  load_extension                   [   0.13129] glMinSampleShading successfully loaded (0x7f808b02acc0)
opengl   D         extensions.c:294  load_extension                   [   0.13129] glNamedStringARB successfully loaded (0x7f808b02ca00)
opengl   D         extensions.c:294  load_extension                   [   0.13130] glDeleteNamedStringARB successfully loaded (0x7f808b021c40)
opengl   D         extensions.c:294  load_extension                   [   0.13130] glCompileShaderIncludeARB successfully loaded (0x7f808b0208a0)
opengl   D         extensions.c:294  load_extension                   [   0.13130] glIsNamedStringARB successfully loaded (0x7f808b029740)
opengl   D         extensions.c:294  load_extension                   [   0.13131] glGetNamedStringARB successfully loaded (0x7f808b026640)
opengl   D         extensions.c:294  load_extension                   [   0.13131] glGetNamedStringivARB successfully loaded (0x7f808b026660)
opengl   D         extensions.c:294  load_extension                   [   0.13131] glBindFragDataLocationIndexed successfully loaded (0x7f808b01e820)
opengl   D         extensions.c:294  load_extension                   [   0.13132] glGetFragDataIndex successfully loaded (0x7f808b025760)
opengl   D         extensions.c:294  load_extension                   [   0.13133] glGenSamplers successfully loaded (0x7f808b0249a0)
opengl   D         extensions.c:294  load_extension                   [   0.13133] glDeleteSamplers successfully loaded (0x7f808b021ea0)
opengl   D         extensions.c:294  load_extension                   [   0.13134] glIsSampler successfully loaded (0x7f808b029960)
opengl   D         extensions.c:294  load_extension                   [   0.13134] glBindSampler successfully loaded (0x7f808b01eaa0)
opengl   D         extensions.c:294  load_extension                   [   0.13134] glSamplerParameteri successfully loaded (0x7f808b0306e0)
opengl   D         extensions.c:294  load_extension                   [   0.13135] glSamplerParameteriv successfully loaded (0x7f808b030700)
opengl   D         extensions.c:294  load_extension                   [   0.13135] glSamplerParameterf successfully loaded (0x7f808b0306a0)
opengl   D         extensions.c:294  load_extension                   [   0.13135] glSamplerParameterfv successfully loaded (0x7f808b0306c0)
opengl   D         extensions.c:294  load_extension                   [   0.13136] glSamplerParameterIiv successfully loaded (0x7f808b0305e0)
opengl   D         extensions.c:294  load_extension                   [   0.13136] glSamplerParameterIuiv successfully loaded (0x7f808b030640)
opengl   D         extensions.c:294  load_extension                   [   0.13136] glGetSamplerParameteriv successfully loaded (0x7f808b027500)
opengl   D         extensions.c:294  load_extension                   [   0.13137] glGetSamplerParameterIiv successfully loaded (0x7f808b027420)
opengl   D         extensions.c:294  load_extension                   [   0.13137] glGetSamplerParameterfv successfully loaded (0x7f808b0274e0)
opengl   D         extensions.c:294  load_extension                   [   0.13138] glGetSamplerParameterIfv successfully loaded (0x7f808b038340)
opengl   D         extensions.c:294  load_extension                   [   0.13138] glQueryCounter successfully loaded (0x7f808b02f680)
opengl   D         extensions.c:294  load_extension                   [   0.13138] glGetQueryObjecti64v successfully loaded (0x7f808b027200)
opengl   D         extensions.c:294  load_extension                   [   0.13139] glGetQueryObjectui64v successfully loaded (0x7f808b0272a0)
opengl   D         extensions.c:294  load_extension                   [   0.13139] glVertexP2ui successfully loaded (0x7f808b0371a0)
opengl   D         extensions.c:294  load_extension                   [   0.13139] glVertexP2uiv successfully loaded (0x7f808b0371c0)
opengl   D         extensions.c:294  load_extension                   [   0.13140] glVertexP3ui successfully loaded (0x7f808b0371e0)
opengl   D         extensions.c:294  load_extension                   [   0.13140] glVertexP3uiv successfully loaded (0x7f808b037200)
opengl   D         extensions.c:294  load_extension                   [   0.13140] glVertexP4ui successfully loaded (0x7f808b037220)
opengl   D         extensions.c:294  load_extension                   [   0.13141] glVertexP4uiv successfully loaded (0x7f808b037240)
opengl   D         extensions.c:294  load_extension                   [   0.13141] glTexCoordP1ui successfully loaded (0x7f808b032280)
opengl   D         extensions.c:294  load_extension                   [   0.13141] glTexCoordP1uiv successfully loaded (0x7f808b0322a0)
opengl   D         extensions.c:294  load_extension                   [   0.13142] glTexCoordP2ui successfully loaded (0x7f808b0322c0)
opengl   D         extensions.c:294  load_extension                   [   0.13142] glTexCoordP2uiv successfully loaded (0x7f808b0322e0)
opengl   D         extensions.c:294  load_extension                   [   0.13143] glTexCoordP3ui successfully loaded (0x7f808b032300)
opengl   D         extensions.c:294  load_extension                   [   0.13143] glTexCoordP3uiv successfully loaded (0x7f808b032320)
opengl   D         extensions.c:294  load_extension                   [   0.13143] glTexCoordP4ui successfully loaded (0x7f808b032340)
opengl   D         extensions.c:294  load_extension                   [   0.13144] glTexCoordP4uiv successfully loaded (0x7f808b032360)
opengl   D         extensions.c:294  load_extension                   [   0.13144] glMultiTexCoordP1ui successfully loaded (0x7f808b02be00)
opengl   D         extensions.c:294  load_extension                   [   0.13145] glMultiTexCoordP1uiv successfully loaded (0x7f808b02be20)
opengl   D         extensions.c:294  load_extension                   [   0.13145] glMultiTexCoordP2ui successfully loaded (0x7f808b02be40)
opengl   D         extensions.c:294  load_extension                   [   0.13146] glMultiTexCoordP2uiv successfully loaded (0x7f808b02be60)
opengl   D         extensions.c:294  load_extension                   [   0.13146] glMultiTexCoordP3ui successfully loaded (0x7f808b02be80)
opengl   D         extensions.c:294  load_extension                   [   0.13146] glMultiTexCoordP3uiv successfully loaded (0x7f808b02bea0)
opengl   D         extensions.c:294  load_extension                   [   0.13147] glMultiTexCoordP4ui successfully loaded (0x7f808b02bec0)
opengl   D         extensions.c:294  load_extension                   [   0.13147] glMultiTexCoordP4uiv successfully loaded (0x7f808b02bee0)
opengl   D         extensions.c:294  load_extension                   [   0.13147] glNormalP3ui successfully loaded (0x7f808b02cca0)
opengl   D         extensions.c:294  load_extension                   [   0.13148] glNormalP3uiv successfully loaded (0x7f808b02ccc0)
opengl   D         extensions.c:294  load_extension                   [   0.13148] glColorP3ui successfully loaded (0x7f808b020520)
opengl   D         extensions.c:294  load_extension                   [   0.13149] glColorP3uiv successfully loaded (0x7f808b020540)
opengl   D         extensions.c:294  load_extension                   [   0.13149] glColorP4ui successfully loaded (0x7f808b020560)
opengl   D         extensions.c:294  load_extension                   [   0.13149] glColorP4uiv successfully loaded (0x7f808b020580)
opengl   D         extensions.c:294  load_extension                   [   0.13150] glSecondaryColorP3ui successfully loaded (0x7f808b030d80)
opengl   D         extensions.c:294  load_extension                   [   0.13150] glSecondaryColorP3uiv successfully loaded (0x7f808b030da0)
opengl   D         extensions.c:294  load_extension                   [   0.13150] glVertexAttribP1ui successfully loaded (0x7f808b036d60)
opengl   D         extensions.c:294  load_extension                   [   0.13151] glVertexAttribP1uiv successfully loaded (0x7f808b036d80)
opengl   D         extensions.c:294  load_extension                   [   0.13151] glVertexAttribP2ui successfully loaded (0x7f808b036da0)
opengl   D         extensions.c:294  load_extension                   [   0.13151] glVertexAttribP2uiv successfully loaded (0x7f808b036dc0)
opengl   D         extensions.c:294  load_extension                   [   0.13152] glVertexAttribP3ui successfully loaded (0x7f808b036de0)
opengl   D         extensions.c:294  load_extension                   [   0.13152] glVertexAttribP3uiv successfully loaded (0x7f808b036e00)
opengl   D         extensions.c:294  load_extension                   [   0.13152] glVertexAttribP4ui successfully loaded (0x7f808b036e20)
opengl   D         extensions.c:294  load_extension                   [   0.13153] glVertexAttribP4uiv successfully loaded (0x7f808b036e40)
opengl   D         extensions.c:294  load_extension                   [   0.13153] glDrawArraysIndirect successfully loaded (0x7f808b022640)
opengl   D         extensions.c:294  load_extension                   [   0.13153] glDrawElementsIndirect successfully loaded (0x7f808b022960)
opengl   D         extensions.c:294  load_extension                   [   0.13154] glUniform1d successfully loaded (0x7f808b0336e0)
opengl   D         extensions.c:294  load_extension                   [   0.13154] glUniform2d successfully loaded (0x7f808b0339a0)
opengl   D         extensions.c:294  load_extension                   [   0.13155] glUniform3d successfully loaded (0x7f808b033c60)
opengl   D         extensions.c:294  load_extension                   [   0.13155] glUniform4d successfully loaded (0x7f808b033f20)
opengl   D         extensions.c:294  load_extension                   [   0.13156] glUniform1dv successfully loaded (0x7f808b033700)
opengl   D         extensions.c:294  load_extension                   [   0.13156] glUniform2dv successfully loaded (0x7f808b0339c0)
opengl   D         extensions.c:294  load_extension                   [   0.13156] glUniform3dv successfully loaded (0x7f808b033c80)
opengl   D         extensions.c:294  load_extension                   [   0.13157] glUniform4dv successfully loaded (0x7f808b033f40)
opengl   D         extensions.c:294  load_extension                   [   0.13157] glUniformMatrix2dv successfully loaded (0x7f808b0342e0)
opengl   D         extensions.c:294  load_extension                   [   0.13157] glUniformMatrix3dv successfully loaded (0x7f808b034400)
opengl   D         extensions.c:294  load_extension                   [   0.13158] glUniformMatrix4dv successfully loaded (0x7f808b034520)
opengl   D         extensions.c:294  load_extension                   [   0.13158] glUniformMatrix2x3dv successfully loaded (0x7f808b034340)
opengl   D         extensions.c:294  load_extension                   [   0.13158] glUniformMatrix2x4dv successfully loaded (0x7f808b0343a0)
opengl   D         extensions.c:294  load_extension                   [   0.13159] glUniformMatrix3x2dv successfully loaded (0x7f808b034460)
opengl   D         extensions.c:294  load_extension                   [   0.13159] glUniformMatrix3x4dv successfully loaded (0x7f808b0344c0)
opengl   D         extensions.c:294  load_extension                   [   0.13159] glUniformMatrix4x2dv successfully loaded (0x7f808b034580)
opengl   D         extensions.c:294  load_extension                   [   0.13160] glUniformMatrix4x3dv successfully loaded (0x7f808b0345e0)
opengl   D         extensions.c:294  load_extension                   [   0.13160] glGetUniformdv successfully loaded (0x7f808b028000)
opengl   D         extensions.c:294  load_extension                   [   0.13160] glProgramUniform1dEXT successfully loaded (0x7f808b02e3a0)
opengl   D         extensions.c:294  load_extension                   [   0.13161] glProgramUniform2dEXT successfully loaded (0x7f808b02e6a0)
opengl   D         extensions.c:294  load_extension                   [   0.13161] glProgramUniform3dEXT successfully loaded (0x7f808b02e9a0)
opengl   D         extensions.c:294  load_extension                   [   0.13162] glProgramUniform4dEXT successfully loaded (0x7f808b02eca0)
opengl   D         extensions.c:294  load_extension                   [   0.13162] glProgramUniform1dvEXT successfully loaded (0x7f808b02e3e0)
opengl   D         extensions.c:294  load_extension                   [   0.13163] glProgramUniform2dvEXT successfully loaded (0x7f808b02e6e0)
opengl   D         extensions.c:294  load_extension                   [   0.13163] glProgramUniform3dvEXT successfully loaded (0x7f808b02e9e0)
opengl   D         extensions.c:294  load_extension                   [   0.13163] glProgramUniform4dvEXT successfully loaded (0x7f808b02ece0)
opengl   D         extensions.c:294  load_extension                   [   0.13164] glProgramUniformMatrix2dvEXT successfully loaded (0x7f808b02f060)
opengl   D         extensions.c:294  load_extension                   [   0.13164] glProgramUniformMatrix3dvEXT successfully loaded (0x7f808b02f1e0)
opengl   D         extensions.c:294  load_extension                   [   0.13164] glProgramUniformMatrix4dvEXT successfully loaded (0x7f808b02f360)
opengl   D         extensions.c:294  load_extension                   [   0.13165] glProgramUniformMatrix2x3dvEXT successfully loaded (0x7f808b02f0e0)
opengl   D         extensions.c:294  load_extension                   [   0.13165] glProgramUniformMatrix2x4dvEXT successfully loaded (0x7f808b02f160)
opengl   D         extensions.c:294  load_extension                   [   0.13165] glProgramUniformMatrix3x2dvEXT successfully loaded (0x7f808b02f260)
opengl   D         extensions.c:294  load_extension                   [   0.13166] glProgramUniformMatrix3x4dvEXT successfully loaded (0x7f808b02f2e0)
opengl   D         extensions.c:294  load_extension                   [   0.13167] glProgramUniformMatrix4x2dvEXT successfully loaded (0x7f808b02f3e0)
opengl   D         extensions.c:294  load_extension                   [   0.13167] glProgramUniformMatrix4x3dvEXT successfully loaded (0x7f808b02f460)
opengl   D         extensions.c:294  load_extension                   [   0.13167] glGetSubroutineUniformLocation successfully loaded (0x7f808b027720)
opengl   D         extensions.c:294  load_extension                   [   0.13168] glGetSubroutineIndex successfully loaded (0x7f808b027700)
opengl   D         extensions.c:294  load_extension                   [   0.13168] glGetActiveSubroutineUniformiv successfully loaded (0x7f808b024c80)
opengl   D         extensions.c:294  load_extension                   [   0.13168] glGetActiveSubroutineUniformName successfully loaded (0x7f808b024c60)
opengl   D         extensions.c:294  load_extension                   [   0.13169] glGetActiveSubroutineName successfully loaded (0x7f808b024c40)
opengl   D         extensions.c:294  load_extension                   [   0.13170] glUniformSubroutinesuiv successfully loaded (0x7f808b034640)
opengl   D         extensions.c:294  load_extension                   [   0.13171] glGetUniformSubroutineuiv successfully loaded (0x7f808b027fe0)
opengl   D         extensions.c:294  load_extension                   [   0.13171] glGetProgramStageiv successfully loaded (0x7f808b027080)
opengl   D         extensions.c:294  load_extension                   [   0.13171] glPatchParameteri successfully loaded (0x7f808b02d140)
opengl   D         extensions.c:294  load_extension                   [   0.13172] glPatchParameterfv successfully loaded (0x7f808b02d0e0)
opengl   D         extensions.c:294  load_extension                   [   0.13172] glBindTransformFeedback successfully loaded (0x7f808b01ebc0)
opengl   D         extensions.c:294  load_extension                   [   0.13172] glDeleteTransformFeedbacks successfully loaded (0x7f808b021fa0)
opengl   D         extensions.c:294  load_extension                   [   0.13173] glGenTransformFeedbacks successfully loaded (0x7f808b024a40)
opengl   D         extensions.c:294  load_extension                   [   0.13173] glIsTransformFeedback successfully loaded (0x7f808b029aa0)
opengl   D         extensions.c:294  load_extension                   [   0.13174] glPauseTransformFeedback successfully loaded (0x7f808b02d460)
opengl   D         extensions.c:294  load_extension                   [   0.13174] glResumeTransformFeedback successfully loaded (0x7f808b0303a0)
opengl   D         extensions.c:294  load_extension                   [   0.13174] glDrawTransformFeedback successfully loaded (0x7f808b022da0)
opengl   D         extensions.c:294  load_extension                   [   0.13175] glDrawTransformFeedbackStream successfully loaded (0x7f808b022e40)
opengl   D         extensions.c:294  load_extension                   [   0.13175] glBeginQueryIndexed successfully loaded (0x7f808b01e540)
opengl   D         extensions.c:294  load_extension                   [   0.13175] glEndQueryIndexed successfully loaded (0x7f808b0233c0)
opengl   D         extensions.c:294  load_extension                   [   0.13176] glGetQueryIndexediv successfully loaded (0x7f808b0271e0)
opengl   D         extensions.c:294  load_extension                   [   0.13176] glBlendColorEXT successfully loaded (0x7f808b01ef40)
opengl   D         extensions.c:294  load_extension                   [   0.13176] glPolygonOffsetEXT successfully loaded (0x7f808b02db00)
opengl   D         extensions.c:294  load_extension                   [   0.13177] glTexImage3DEXT successfully loaded (0x7f808b032780)
opengl   D         extensions.c:294  load_extension                   [   0.13177] glTexSubImage3DEXT successfully loaded (0x7f808b032d40)
opengl   D         extensions.c:294  load_extension                   [   0.13178] glGetTexFilterFuncSGIS successfully loaded (0x7f808b027860)
opengl   D         extensions.c:294  load_extension                   [   0.13178] glTexFilterFuncSGIS successfully loaded (0x7f808b032540)
opengl   D         extensions.c:294  load_extension                   [   0.13179] glTexSubImage1DEXT successfully loaded (0x7f808b032cc0)
opengl   D         extensions.c:294  load_extension                   [   0.13179] glTexSubImage2DEXT successfully loaded (0x7f808b032d00)
opengl   D         extensions.c:294  load_extension                   [   0.13179] glCopyTexImage1DEXT successfully loaded (0x7f808b021180)
opengl   D         extensions.c:294  load_extension                   [   0.13179] glCopyTexImage2DEXT successfully loaded (0x7f808b0211c0)
opengl   D         extensions.c:294  load_extension                   [   0.13180] glCopyTexSubImage1DEXT successfully loaded (0x7f808b021200)
opengl   D         extensions.c:294  load_extension                   [   0.13180] glCopyTexSubImage2DEXT successfully loaded (0x7f808b021240)
opengl   D         extensions.c:294  load_extension                   [   0.13180] glCopyTexSubImage3DEXT successfully loaded (0x7f808b021280)
opengl   D         extensions.c:294  load_extension                   [   0.13181] glGetHistogramEXT successfully loaded (0x7f808b025a40)
opengl   D         extensions.c:294  load_extension                   [   0.13181] glGetHistogramParameterfvEXT successfully loaded (0x7f808b025a80)
opengl   D         extensions.c:294  load_extension                   [   0.13181] glGetHistogramParameterivEXT successfully loaded (0x7f808b025ac0)
opengl   D         extensions.c:294  load_extension                   [   0.13181] glGetMinmaxEXT successfully loaded (0x7f808b026120)
opengl   D         extensions.c:294  load_extension                   [   0.13181] glGetMinmaxParameterfvEXT successfully loaded (0x7f808b026160)
opengl   D         extensions.c:294  load_extension                   [   0.13182] glGetMinmaxParameterivEXT successfully loaded (0x7f808b0261a0)
opengl   D         extensions.c:294  load_extension                   [   0.13182] glHistogramEXT successfully loaded (0x7f808b028ec0)
opengl   D         extensions.c:294  load_extension                   [   0.13182] glMinmaxEXT successfully loaded (0x7f808b02ad40)
opengl   D         extensions.c:294  load_extension                   [   0.13183] glResetHistogramEXT successfully loaded (0x7f808b0302c0)
opengl   D         extensions.c:294  load_extension                   [   0.13183] glResetMinmaxEXT successfully loaded (0x7f808b030320)
opengl   D         extensions.c:294  load_extension                   [   0.13183] glConvolutionFilter1DEXT successfully loaded (0x7f808b020d00)
opengl   D         extensions.c:294  load_extension                   [   0.13183] glConvolutionFilter2DEXT successfully loaded (0x7f808b020d40)
opengl   D         extensions.c:294  load_extension                   [   0.13183] glConvolutionParameterfEXT successfully loaded (0x7f808b020d80)
opengl   D         extensions.c:294  load_extension                   [   0.13184] glConvolutionParameterfvEXT successfully loaded (0x7f808b020dc0)
opengl   D         extensions.c:294  load_extension                   [   0.13184] glConvolutionParameteriEXT successfully loaded (0x7f808b020e00)
opengl   D         extensions.c:294  load_extension                   [   0.13184] glConvolutionParameterivEXT successfully loaded (0x7f808b020e40)
opengl   D         extensions.c:294  load_extension                   [   0.13184] glCopyConvolutionFilter1DEXT successfully loaded (0x7f808b020f80)
opengl   D         extensions.c:294  load_extension                   [   0.13184] glCopyConvolutionFilter2DEXT successfully loaded (0x7f808b020fc0)
opengl   D         extensions.c:294  load_extension                   [   0.13185] glGetConvolutionFilterEXT successfully loaded (0x7f808b025340)
opengl   D         extensions.c:294  load_extension                   [   0.13185] glGetConvolutionParameterfvEXT successfully loaded (0x7f808b025380)
opengl   D         extensions.c:294  load_extension                   [   0.13185] glGetConvolutionParameterivEXT successfully loaded (0x7f808b0253c0)
opengl   D         extensions.c:294  load_extension                   [   0.13186] glGetSeparableFilterEXT successfully loaded (0x7f808b027580)
opengl   D         extensions.c:294  load_extension                   [   0.13186] glSeparableFilter2DEXT successfully loaded (0x7f808b030ec0)
opengl   D         extensions.c:294  load_extension                   [   0.13186] glColorTableSGI successfully loaded (0x7f808b020720)
opengl   D         extensions.c:294  load_extension                   [   0.13186] glColorTableParameterfvSGI successfully loaded (0x7f808b0206c0)
opengl   D         extensions.c:294  load_extension                   [   0.13186] glColorTableParameterivSGI successfully loaded (0x7f808b020700)
opengl   D         extensions.c:294  load_extension                   [   0.13187] glCopyColorTableSGI successfully loaded (0x7f808b020f40)
opengl   D         extensions.c:294  load_extension                   [   0.13187] glGetColorTableSGI successfully loaded (0x7f808b025160)
opengl   D         extensions.c:294  load_extension                   [   0.13187] glGetColorTableParameterfvSGI successfully loaded (0x7f808b0250e0)
opengl   D         extensions.c:294  load_extension                   [   0.13187] glGetColorTableParameterivSGI successfully loaded (0x7f808b025140)
opengl   D         extensions.c:294  load_extension                   [   0.13187] glPixelTexGenSGIX successfully loaded (0x7f808b02d640)
opengl   D         extensions.c:294  load_extension                   [   0.13189] glPixelTexGenParameteriSGIS successfully loaded (0x7f808b02d600)
opengl   D         extensions.c:294  load_extension                   [   0.13190] glPixelTexGenParameterivSGIS successfully loaded (0x7f808b02d620)
opengl   D         extensions.c:294  load_extension                   [   0.13190] glPixelTexGenParameterfSGIS successfully loaded (0x7f808b02d5c0)
opengl   D         extensions.c:294  load_extension                   [   0.13190] glPixelTexGenParameterfvSGIS successfully loaded (0x7f808b02d5e0)
opengl   D         extensions.c:294  load_extension                   [   0.13190] glGetPixelTexGenParameterivSGIS successfully loaded (0x7f808b026be0)
opengl   D         extensions.c:294  load_extension                   [   0.13191] glGetPixelTexGenParameterfvSGIS successfully loaded (0x7f808b026bc0)
opengl   D         extensions.c:294  load_extension                   [   0.13191] glTexImage4DSGIS successfully loaded (0x7f808b032820)
opengl   D         extensions.c:294  load_extension                   [   0.13191] glTexSubImage4DSGIS successfully loaded (0x7f808b032da0)
opengl   D         extensions.c:294  load_extension                   [   0.13191] glAreTexturesResidentEXT successfully loaded (0x7f808b01e2c0)
opengl   D         extensions.c:294  load_extension                   [   0.13191] glBindTextureEXT successfully loaded (0x7f808b01eb40)
opengl   D         extensions.c:294  load_extension                   [   0.13192] glDeleteTexturesEXT successfully loaded (0x7f808b021f80)
opengl   D         extensions.c:294  load_extension                   [   0.13192] glGenTexturesEXT successfully loaded (0x7f808b024a20)
opengl   D         extensions.c:294  load_extension                   [   0.13192] glIsTextureEXT successfully loaded (0x7f808b029a40)
opengl   D         extensions.c:294  load_extension                   [   0.13192] glPrioritizeTexturesEXT successfully loaded (0x7f808b02dde0)
opengl   D         extensions.c:294  load_extension                   [   0.13193] glDetailTexFuncSGIS successfully loaded (0x7f808b022300)
opengl   D         extensions.c:294  load_extension                   [   0.13193] glGetDetailTexFuncSGIS successfully loaded (0x7f808b0254c0)
opengl   D         extensions.c:294  load_extension                   [   0.13193] glSharpenTexFuncSGIS successfully loaded (0x7f808b031180)
opengl   D         extensions.c:294  load_extension                   [   0.13194] glGetSharpenTexFuncSGIS successfully loaded (0x7f808b027680)
opengl   D         extensions.c:294  load_extension                   [   0.13194] glSampleMaskSGIS successfully loaded (0x7f808b030560)
opengl   D         extensions.c:294  load_extension                   [   0.13194] glSamplePatternSGIS successfully loaded (0x7f808b0305c0)
opengl   D         extensions.c:294  load_extension                   [   0.13194] glArrayElementEXT successfully loaded (0x7f808b01e300)
opengl   D         extensions.c:294  load_extension                   [   0.13194] glColorPointerEXT successfully loaded (0x7f808b0205c0)
opengl   D         extensions.c:294  load_extension                   [   0.13195] glDrawArraysEXT successfully loaded (0x7f808b022620)
opengl   D         extensions.c:294  load_extension                   [   0.13195] glEdgeFlagPointerEXT successfully loaded (0x7f808b022f80)
opengl   D         extensions.c:294  load_extension                   [   0.13195] glGetPointervEXT successfully loaded (0x7f808b026ca0)
opengl   D         extensions.c:294  load_extension                   [   0.13195] glIndexPointerEXT successfully loaded (0x7f808b029100)
opengl   D         extensions.c:294  load_extension                   [   0.13195] glNormalPointerEXT successfully loaded (0x7f808b02cd00)
opengl   D         extensions.c:294  load_extension                   [   0.13196] glTexCoordPointerEXT successfully loaded (0x7f808b0323a0)
opengl   D         extensions.c:294  load_extension                   [   0.13196] glVertexPointerEXT successfully loaded (0x7f808b037280)
opengl   D         extensions.c:294  load_extension                   [   0.13196] glBlendEquationEXT successfully loaded (0x7f808b01efa0)
opengl   D         extensions.c:294  load_extension                   [   0.13196] glSpriteParameterfSGIX successfully loaded (0x7f808b031260)
opengl   D         extensions.c:294  load_extension                   [   0.13196] glSpriteParameterfvSGIX successfully loaded (0x7f808b031280)
opengl   D         extensions.c:294  load_extension                   [   0.13197] glSpriteParameteriSGIX successfully loaded (0x7f808b0312a0)
opengl   D         extensions.c:294  load_extension                   [   0.13197] glSpriteParameterivSGIX successfully loaded (0x7f808b0312c0)
opengl   D         extensions.c:294  load_extension                   [   0.13197] glPointParameterfEXT successfully loaded (0x7f808b02d7e0)
opengl   D         extensions.c:294  load_extension                   [   0.13197] glPointParameterfvEXT successfully loaded (0x7f808b02d860)
opengl   D         extensions.c:294  load_extension                   [   0.13198] glPointParameterfSGIS successfully loaded (0x7f808b02d800)
opengl   D         extensions.c:294  load_extension                   [   0.13198] glPointParameterfvSGIS successfully loaded (0x7f808b02d880)
opengl   D         extensions.c:294  load_extension                   [   0.13198] glGetInstrumentsSGIX successfully loaded (0x7f808b025ba0)
opengl   D         extensions.c:294  load_extension                   [   0.13198] glInstrumentsBufferSGIX successfully loaded (0x7f808b029320)
opengl   D         extensions.c:294  load_extension                   [   0.13198] glPollInstrumentsSGIX successfully loaded (0x7f808b02da40)
opengl   D         extensions.c:294  load_extension                   [   0.13199] glReadInstrumentsSGIX successfully loaded (0x7f808b02fba0)
opengl   D         extensions.c:294  load_extension                   [   0.13199] glStartInstrumentsSGIX successfully loaded (0x7f808b0312e0)
opengl   D         extensions.c:294  load_extension                   [   0.13199] glStopInstrumentsSGIX successfully loaded (0x7f808b031580)
opengl   D         extensions.c:294  load_extension                   [   0.13199] glFrameZoomSGIX successfully loaded (0x7f808b024060)
opengl   D         extensions.c:294  load_extension                   [   0.13199] glTagSampleBufferSGIX successfully loaded (0x7f808b031620)
opengl   D         extensions.c:294  load_extension                   [   0.13200] glDeformationMap3dSGIX successfully loaded (0x7f808b021a80)
opengl   D         extensions.c:294  load_extension                   [   0.13200] glDeformationMap3fSGIX successfully loaded (0x7f808b021aa0)
opengl   D         extensions.c:294  load_extension                   [   0.13200] glDeformSGIX successfully loaded (0x7f808b021a60)
opengl   D         extensions.c:294  load_extension                   [   0.13200] glLoadIdentityDeformationMapSGIX successfully loaded (0x7f808b029fe0)
opengl   D         extensions.c:294  load_extension                   [   0.13201] glReferencePlaneSGIX successfully loaded (0x7f808b02fda0)
opengl   D         extensions.c:294  load_extension                   [   0.13201] glFlushRasterSGIX successfully loaded (0x7f808b023b20)
opengl   D         extensions.c:294  load_extension                   [   0.13201] glFogFuncSGIS successfully loaded (0x7f808b023d60)
opengl   D         extensions.c:294  load_extension                   [   0.13201] glGetFogFuncSGIS successfully loaded (0x7f808b025740)
opengl   D         extensions.c:294  load_extension                   [   0.13202] glImageTransformParameteriHP successfully loaded (0x7f808b028f40)
opengl   D         extensions.c:294  load_extension                   [   0.13202] glImageTransformParameterfHP successfully loaded (0x7f808b028f00)
opengl   D         extensions.c:294  load_extension                   [   0.13202] glImageTransformParameterivHP successfully loaded (0x7f808b028f60)
opengl   D         extensions.c:294  load_extension                   [   0.13202] glImageTransformParameterfvHP successfully loaded (0x7f808b028f20)
opengl   D         extensions.c:294  load_extension                   [   0.13203] glGetImageTransformParameterivHP successfully loaded (0x7f808b025b60)
opengl   D         extensions.c:294  load_extension                   [   0.13203] glGetImageTransformParameterfvHP successfully loaded (0x7f808b025b40)
opengl   D         extensions.c:294  load_extension                   [   0.13203] glCopyColorSubTableEXT successfully loaded (0x7f808b020f00)
opengl   D         extensions.c:294  load_extension                   [   0.13203] glHintPGI successfully loaded (0x7f808b028e80)
opengl   D         extensions.c:294  load_extension                   [   0.13203] glColorTableEXT successfully loaded (0x7f808b020680)
opengl   D         extensions.c:294  load_extension                   [   0.13204] glGetColorTableEXT successfully loaded (0x7f808b025080)
opengl   D         extensions.c:294  load_extension                   [   0.13204] glGetColorTableParameterivEXT successfully loaded (0x7f808b025120)
opengl   D         extensions.c:294  load_extension                   [   0.13204] glGetColorTableParameterfvEXT successfully loaded (0x7f808b0250c0)
opengl   D         extensions.c:294  load_extension                   [   0.13204] glGetListParameterfvSGIX successfully loaded (0x7f808b025e60)
opengl   D         extensions.c:294  load_extension                   [   0.13204] glGetListParameterivSGIX successfully loaded (0x7f808b025e80)
opengl   D         extensions.c:294  load_extension                   [   0.13205] glListParameterfSGIX successfully loaded (0x7f808b029f40)
opengl   D         extensions.c:294  load_extension                   [   0.13205] glListParameterfvSGIX successfully loaded (0x7f808b029f60)
opengl   D         extensions.c:294  load_extension                   [   0.13205] glListParameteriSGIX successfully loaded (0x7f808b029f80)
opengl   D         extensions.c:294  load_extension                   [   0.13205] glListParameterivSGIX successfully loaded (0x7f808b029fa0)
opengl   D         extensions.c:294  load_extension                   [   0.13205] glIndexMaterialEXT successfully loaded (0x7f808b0290c0)
opengl   D         extensions.c:294  load_extension                   [   0.13206] glIndexFuncEXT successfully loaded (0x7f808b029080)
opengl   D         extensions.c:294  load_extension                   [   0.13206] glLockArraysEXT successfully loaded (0x7f808b02a1a0)
opengl   D         extensions.c:294  load_extension                   [   0.13206] glUnlockArraysEXT successfully loaded (0x7f808b0346a0)
opengl   D         extensions.c:294  load_extension                   [   0.13207] glCullParameterdvEXT successfully loaded (0x7f808b021800)
opengl   D         extensions.c:294  load_extension                   [   0.13207] glCullParameterfvEXT successfully loaded (0x7f808b021820)
opengl   D         extensions.c:294  load_extension                   [   0.13207] glFragmentColorMaterialSGIX successfully loaded (0x7f808b023e80)
opengl   D         extensions.c:294  load_extension                   [   0.13207] glFragmentLightfSGIX successfully loaded (0x7f808b023f40)
opengl   D         extensions.c:294  load_extension                   [   0.13207] glFragmentLightfvSGIX successfully loaded (0x7f808b023f60)
opengl   D         extensions.c:294  load_extension                   [   0.13208] glFragmentLightiSGIX successfully loaded (0x7f808b023f80)
opengl   D         extensions.c:294  load_extension                   [   0.13208] glFragmentLightivSGIX successfully loaded (0x7f808b023fa0)
opengl   D         extensions.c:294  load_extension                   [   0.13208] glFragmentLightModelfSGIX successfully loaded (0x7f808b023ec0)
opengl   D         extensions.c:294  load_extension                   [   0.13208] glFragmentLightModelfvSGIX successfully loaded (0x7f808b023ee0)
opengl   D         extensions.c:294  load_extension                   [   0.13208] glFragmentLightModeliSGIX successfully loaded (0x7f808b023f00)
opengl   D         extensions.c:294  load_extension                   [   0.13209] glFragmentLightModelivSGIX successfully loaded (0x7f808b023f20)
opengl   D         extensions.c:294  load_extension                   [   0.13209] glFragmentMaterialfSGIX successfully loaded (0x7f808b023fc0)
opengl   D         extensions.c:294  load_extension                   [   0.13209] glFragmentMaterialfvSGIX successfully loaded (0x7f808b023fe0)
opengl   D         extensions.c:294  load_extension                   [   0.13209] glFragmentMaterialiSGIX successfully loaded (0x7f808b024000)
opengl   D         extensions.c:294  load_extension                   [   0.13210] glFragmentMaterialivSGIX successfully loaded (0x7f808b024020)
opengl   D         extensions.c:294  load_extension                   [   0.13210] glGetFragmentLightfvSGIX successfully loaded (0x7f808b0257e0)
opengl   D         extensions.c:294  load_extension                   [   0.13210] glGetFragmentLightivSGIX successfully loaded (0x7f808b025800)
opengl   D         extensions.c:294  load_extension                   [   0.13210] glGetFragmentMaterialfvSGIX successfully loaded (0x7f808b025820)
opengl   D         extensions.c:294  load_extension                   [   0.13211] glGetFragmentMaterialivSGIX successfully loaded (0x7f808b025840)
opengl   D         extensions.c:294  load_extension                   [   0.13211] glLightEnviSGIX successfully loaded (0x7f808b029c20)
opengl   D         extensions.c:294  load_extension                   [   0.13211] glDrawRangeElementsEXT successfully loaded (0x7f808b022c60)
opengl   D         extensions.c:294  load_extension                   [   0.13211] glApplyTextureEXT successfully loaded (0x7f808b01e260)
opengl   D         extensions.c:294  load_extension                   [   0.13211] glTextureLightEXT successfully loaded (0x7f808b032fc0)
opengl   D         extensions.c:294  load_extension                   [   0.13212] glTextureMaterialEXT successfully loaded (0x7f808b032fe0)
opengl   D         extensions.c:294  load_extension                   [   0.13212] glAsyncMarkerSGIX successfully loaded (0x7f808b01e380)
opengl   D         extensions.c:294  load_extension                   [   0.13212] glFinishAsyncSGIX successfully loaded (0x7f808b0239a0)
opengl   D         extensions.c:294  load_extension                   [   0.13212] glPollAsyncSGIX successfully loaded (0x7f808b02da20)
opengl   D         extensions.c:294  load_extension                   [   0.13212] glGenAsyncMarkersSGIX successfully loaded (0x7f808b024680)
opengl   D         extensions.c:294  load_extension                   [   0.13213] glDeleteAsyncMarkersSGIX successfully loaded (0x7f808b021ac0)
opengl   D         extensions.c:294  load_extension                   [   0.13213] glIsAsyncMarkerSGIX successfully loaded (0x7f808b029480)
opengl   D         extensions.c:294  load_extension                   [   0.13213] glVertexPointervINTEL successfully loaded (0x7f808b0372c0)
opengl   D         extensions.c:294  load_extension                   [   0.13213] glNormalPointervINTEL successfully loaded (0x7f808b02cd40)
opengl   D         extensions.c:294  load_extension                   [   0.13214] glColorPointervINTEL successfully loaded (0x7f808b020600)
opengl   D         extensions.c:294  load_extension                   [   0.13214] glTexCoordPointervINTEL successfully loaded (0x7f808b0323e0)
opengl   D         extensions.c:294  load_extension                   [   0.13214] glPixelTransformParameteriEXT successfully loaded (0x7f808b02d700)
opengl   D         extensions.c:294  load_extension                   [   0.13214] glPixelTransformParameterfEXT successfully loaded (0x7f808b02d6c0)
opengl   D         extensions.c:294  load_extension                   [   0.13215] glPixelTransformParameterivEXT successfully loaded (0x7f808b02d720)
opengl   D         extensions.c:294  load_extension                   [   0.13215] glPixelTransformParameterfvEXT successfully loaded (0x7f808b02d6e0)
opengl   D         extensions.c:294  load_extension                   [   0.13215] glSecondaryColor3bEXT successfully loaded (0x7f808b030940)
opengl   D         extensions.c:294  load_extension                   [   0.13215] glSecondaryColor3bvEXT successfully loaded (0x7f808b030980)
opengl   D         extensions.c:294  load_extension                   [   0.13215] glSecondaryColor3dEXT successfully loaded (0x7f808b0309c0)
opengl   D         extensions.c:294  load_extension                   [   0.13216] glSecondaryColor3dvEXT successfully loaded (0x7f808b030a00)
opengl   D         extensions.c:294  load_extension                   [   0.13216] glSecondaryColor3fEXT successfully loaded (0x7f808b030a40)
opengl   D         extensions.c:294  load_extension                   [   0.13216] glSecondaryColor3fvEXT successfully loaded (0x7f808b030a80)
opengl   D         extensions.c:294  load_extension                   [   0.13216] glSecondaryColor3iEXT successfully loaded (0x7f808b030b00)
opengl   D         extensions.c:294  load_extension                   [   0.13216] glSecondaryColor3ivEXT successfully loaded (0x7f808b030b40)
opengl   D         extensions.c:294  load_extension                   [   0.13217] glSecondaryColor3sEXT successfully loaded (0x7f808b030b80)
opengl   D         extensions.c:294  load_extension                   [   0.13217] glSecondaryColor3svEXT successfully loaded (0x7f808b030bc0)
opengl   D         extensions.c:294  load_extension                   [   0.13217] glSecondaryColor3ubEXT successfully loaded (0x7f808b030c00)
opengl   D         extensions.c:294  load_extension                   [   0.13217] glSecondaryColor3ubvEXT successfully loaded (0x7f808b030c40)
opengl   D         extensions.c:294  load_extension                   [   0.13218] glSecondaryColor3uiEXT successfully loaded (0x7f808b030c80)
opengl   D         extensions.c:294  load_extension                   [   0.13218] glSecondaryColor3uivEXT successfully loaded (0x7f808b030cc0)
opengl   D         extensions.c:294  load_extension                   [   0.13218] glSecondaryColor3usEXT successfully loaded (0x7f808b030d00)
opengl   D         extensions.c:294  load_extension                   [   0.13218] glSecondaryColor3usvEXT successfully loaded (0x7f808b030d40)
opengl   D         extensions.c:294  load_extension                   [   0.13218] glSecondaryColorPointerEXT successfully loaded (0x7f808b030de0)
opengl   D         extensions.c:294  load_extension                   [   0.13219] glTextureNormalEXT successfully loaded (0x7f808b033000)
opengl   D         extensions.c:294  load_extension                   [   0.13219] glMultiDrawArraysEXT successfully loaded (0x7f808b02aec0)
opengl   D         extensions.c:294  load_extension                   [   0.13219] glMultiDrawElementsEXT successfully loaded (0x7f808b02b040)
opengl   D         extensions.c:294  load_extension                   [   0.13219] glFogCoordfEXT successfully loaded (0x7f808b023cc0)
opengl   D         extensions.c:294  load_extension                   [   0.13220] glFogCoordfvEXT successfully loaded (0x7f808b023d00)
opengl   D         extensions.c:294  load_extension                   [   0.13220] glFogCoorddEXT successfully loaded (0x7f808b023c40)
opengl   D         extensions.c:294  load_extension                   [   0.13220] glFogCoorddvEXT successfully loaded (0x7f808b023c80)
opengl   D         extensions.c:294  load_extension                   [   0.13220] glFogCoordPointerEXT successfully loaded (0x7f808b023be0)
opengl   D         extensions.c:294  load_extension                   [   0.13220] glTangent3bEXT successfully loaded (0x7f808b031640)
opengl   D         extensions.c:294  load_extension                   [   0.13221] glTangent3bvEXT successfully loaded (0x7f808b031660)
opengl   D         extensions.c:294  load_extension                   [   0.13221] glTangent3dEXT successfully loaded (0x7f808b031680)
opengl   D         extensions.c:294  load_extension                   [   0.13221] glTangent3dvEXT successfully loaded (0x7f808b0316a0)
opengl   D         extensions.c:294  load_extension                   [   0.13221] glTangent3fEXT successfully loaded (0x7f808b0316c0)
opengl   D         extensions.c:294  load_extension                   [   0.13221] glTangent3fvEXT successfully loaded (0x7f808b0316e0)
opengl   D         extensions.c:294  load_extension                   [   0.13222] glTangent3iEXT successfully loaded (0x7f808b031700)
opengl   D         extensions.c:294  load_extension                   [   0.13222] glTangent3ivEXT successfully loaded (0x7f808b031720)
opengl   D         extensions.c:294  load_extension                   [   0.13222] glTangent3sEXT successfully loaded (0x7f808b031740)
opengl   D         extensions.c:294  load_extension                   [   0.13222] glTangent3svEXT successfully loaded (0x7f808b031760)
opengl   D         extensions.c:294  load_extension                   [   0.13222] glBinormal3bEXT successfully loaded (0x7f808b01ed20)
opengl   D         extensions.c:294  load_extension                   [   0.13223] glBinormal3bvEXT successfully loaded (0x7f808b01ed40)
opengl   D         extensions.c:294  load_extension                   [   0.13223] glBinormal3dEXT successfully loaded (0x7f808b01ed60)
opengl   D         extensions.c:294  load_extension                   [   0.13223] glBinormal3dvEXT successfully loaded (0x7f808b01ed80)
opengl   D         extensions.c:294  load_extension                   [   0.13223] glBinormal3fEXT successfully loaded (0x7f808b01eda0)
opengl   D         extensions.c:294  load_extension                   [   0.13224] glBinormal3fvEXT successfully loaded (0x7f808b01edc0)
opengl   D         extensions.c:294  load_extension                   [   0.13224] glBinormal3iEXT successfully loaded (0x7f808b01ede0)
opengl   D         extensions.c:294  load_extension                   [   0.13224] glBinormal3ivEXT successfully loaded (0x7f808b01ee00)
opengl   D         extensions.c:294  load_extension                   [   0.13224] glBinormal3sEXT successfully loaded (0x7f808b01ee20)
opengl   D         extensions.c:294  load_extension                   [   0.13224] glBinormal3svEXT successfully loaded (0x7f808b01ee40)
opengl   D         extensions.c:294  load_extension                   [   0.13225] glTangentPointerEXT successfully loaded (0x7f808b031780)
opengl   D         extensions.c:294  load_extension                   [   0.13225] glBinormalPointerEXT successfully loaded (0x7f808b01ee60)
opengl   D         extensions.c:294  load_extension                   [   0.13225] glFinishTextureSUNX successfully loaded (0x7f808b023a20)
opengl   D         extensions.c:294  load_extension                   [   0.13225] glGlobalAlphaFactorbSUN successfully loaded (0x7f808b028ce0)
opengl   D         extensions.c:294  load_extension                   [   0.13226] glGlobalAlphaFactorsSUN successfully loaded (0x7f808b028d60)
opengl   D         extensions.c:294  load_extension                   [   0.13226] glGlobalAlphaFactoriSUN successfully loaded (0x7f808b028d40)
opengl   D         extensions.c:294  load_extension                   [   0.13226] glGlobalAlphaFactorfSUN successfully loaded (0x7f808b028d20)
opengl   D         extensions.c:294  load_extension                   [   0.13226] glGlobalAlphaFactordSUN successfully loaded (0x7f808b028d00)
opengl   D         extensions.c:294  load_extension                   [   0.13227] glGlobalAlphaFactorubSUN successfully loaded (0x7f808b028d80)
opengl   D         extensions.c:294  load_extension                   [   0.13227] glGlobalAlphaFactorusSUN successfully loaded (0x7f808b028dc0)
opengl   D         extensions.c:294  load_extension                   [   0.13227] glGlobalAlphaFactoruiSUN successfully loaded (0x7f808b028da0)
opengl   D         extensions.c:294  load_extension                   [   0.13227] glReplacementCodeuiSUN successfully loaded (0x7f808b030100)
opengl   D         extensions.c:294  load_extension                   [   0.13227] glReplacementCodeusSUN successfully loaded (0x7f808b030240)
opengl   D         extensions.c:294  load_extension                   [   0.13228] glReplacementCodeubSUN successfully loaded (0x7f808b02ffc0)
opengl   D         extensions.c:294  load_extension                   [   0.13228] glReplacementCodeuivSUN successfully loaded (0x7f808b030220)
opengl   D         extensions.c:294  load_extension                   [   0.13228] glReplacementCodeusvSUN successfully loaded (0x7f808b030260)
opengl   D         extensions.c:294  load_extension                   [   0.13228] glReplacementCodeubvSUN successfully loaded (0x7f808b02ffe0)
opengl   D         extensions.c:294  load_extension                   [   0.13228] glReplacementCodePointerSUN successfully loaded (0x7f808b02ffa0)
opengl   D         extensions.c:294  load_extension                   [   0.13229] glColor4ubVertex2fSUN successfully loaded (0x7f808b020260)
opengl   D         extensions.c:294  load_extension                   [   0.13229] glColor4ubVertex2fvSUN successfully loaded (0x7f808b020280)
opengl   D         extensions.c:294  load_extension                   [   0.13229] glColor4ubVertex3fSUN successfully loaded (0x7f808b0202a0)
opengl   D         extensions.c:294  load_extension                   [   0.13229] glColor4ubVertex3fvSUN successfully loaded (0x7f808b0202c0)
opengl   D         extensions.c:294  load_extension                   [   0.13229] glColor3fVertex3fSUN successfully loaded (0x7f808b01fe40)
opengl   D         extensions.c:294  load_extension                   [   0.13230] glColor3fVertex3fvSUN successfully loaded (0x7f808b01fe60)
opengl   D         extensions.c:294  load_extension                   [   0.13230] glNormal3fVertex3fSUN successfully loaded (0x7f808b02cb00)
opengl   D         extensions.c:294  load_extension                   [   0.13230] glNormal3fVertex3fvSUN successfully loaded (0x7f808b02cb20)
opengl   D         extensions.c:294  load_extension                   [   0.13230] glColor4fNormal3fVertex3fSUN successfully loaded (0x7f808b020120)
opengl   D         extensions.c:294  load_extension                   [   0.13231] glColor4fNormal3fVertex3fvSUN successfully loaded (0x7f808b020140)
opengl   D         extensions.c:294  load_extension                   [   0.13231] glTexCoord2fVertex3fSUN successfully loaded (0x7f808b031d00)
opengl   D         extensions.c:294  load_extension                   [   0.13231] glTexCoord2fVertex3fvSUN successfully loaded (0x7f808b031d20)
opengl   D         extensions.c:294  load_extension                   [   0.13231] glTexCoord4fVertex4fSUN successfully loaded (0x7f808b032100)
opengl   D         extensions.c:294  load_extension                   [   0.13231] glTexCoord4fVertex4fvSUN successfully loaded (0x7f808b032120)
opengl   D         extensions.c:294  load_extension                   [   0.13232] glTexCoord2fColor4ubVertex3fSUN successfully loaded (0x7f808b031c80)
opengl   D         extensions.c:294  load_extension                   [   0.13232] glTexCoord2fColor4ubVertex3fvSUN successfully loaded (0x7f808b031ca0)
opengl   D         extensions.c:294  load_extension                   [   0.13232] glTexCoord2fColor3fVertex3fSUN successfully loaded (0x7f808b031c00)
opengl   D         extensions.c:294  load_extension                   [   0.13232] glTexCoord2fColor3fVertex3fvSUN successfully loaded (0x7f808b031c20)
opengl   D         extensions.c:294  load_extension                   [   0.13233] glTexCoord2fNormal3fVertex3fSUN successfully loaded (0x7f808b031cc0)
opengl   D         extensions.c:294  load_extension                   [   0.13233] glTexCoord2fNormal3fVertex3fvSUN successfully loaded (0x7f808b031ce0)
opengl   D         extensions.c:294  load_extension                   [   0.13233] glTexCoord2fColor4fNormal3fVertex3fSUN successfully loaded (0x7f808b031c40)
opengl   D         extensions.c:294  load_extension                   [   0.13233] glTexCoord2fColor4fNormal3fVertex3fvSUN successfully loaded (0x7f808b031c60)
opengl   D         extensions.c:294  load_extension                   [   0.13233] glTexCoord4fColor4fNormal3fVertex4fSUN successfully loaded (0x7f808b0320c0)
opengl   D         extensions.c:294  load_extension                   [   0.13234] glTexCoord4fColor4fNormal3fVertex4fvSUN successfully loaded (0x7f808b0320e0)
opengl   D         extensions.c:294  load_extension                   [   0.13234] glReplacementCodeuiVertex3fSUN successfully loaded (0x7f808b0301e0)
opengl   D         extensions.c:294  load_extension                   [   0.13234] glReplacementCodeuiVertex3fvSUN successfully loaded (0x7f808b030200)
opengl   D         extensions.c:294  load_extension                   [   0.13234] glReplacementCodeuiColor4ubVertex3fSUN successfully loaded (0x7f808b030080)
opengl   D         extensions.c:294  load_extension                   [   0.13235] glReplacementCodeuiColor4ubVertex3fvSUN successfully loaded (0x7f808b0300a0)
opengl   D         extensions.c:294  load_extension                   [   0.13235] glReplacementCodeuiColor3fVertex3fSUN successfully loaded (0x7f808b030000)
opengl   D         extensions.c:294  load_extension                   [   0.13235] glReplacementCodeuiColor3fVertex3fvSUN successfully loaded (0x7f808b030020)
opengl   D         extensions.c:294  load_extension                   [   0.13235] glReplacementCodeuiNormal3fVertex3fSUN successfully loaded (0x7f808b0300c0)
opengl   D         extensions.c:294  load_extension                   [   0.13236] glReplacementCodeuiNormal3fVertex3fvSUN successfully loaded (0x7f808b0300e0)
opengl   D         extensions.c:294  load_extension                   [   0.13236] glReplacementCodeuiColor4fNormal3fVertex3fSUN successfully loaded (0x7f808b030040)
opengl   D         extensions.c:294  load_extension                   [   0.13236] glReplacementCodeuiColor4fNormal3fVertex3fvSUN successfully loaded (0x7f808b030060)
opengl   D         extensions.c:294  load_extension                   [   0.13236] glReplacementCodeuiTexCoord2fVertex3fSUN successfully loaded (0x7f808b0301a0)
opengl   D         extensions.c:294  load_extension                   [   0.13236] glReplacementCodeuiTexCoord2fVertex3fvSUN successfully loaded (0x7f808b0301c0)
opengl   D         extensions.c:294  load_extension                   [   0.13237] glReplacementCodeuiTexCoord2fNormal3fVertex3fSUN successfully loaded (0x7f808b030160)
opengl   D         extensions.c:294  load_extension                   [   0.13237] glReplacementCodeuiTexCoord2fNormal3fVertex3fvSUN successfully loaded (0x7f808b030180)
opengl   D         extensions.c:294  load_extension                   [   0.13237] glReplacementCodeuiTexCoord2fColor4fNormal3fVertex3fSUN successfully loaded (0x7f808b030120)
opengl   D         extensions.c:294  load_extension                   [   0.13237] glReplacementCodeuiTexCoord2fColor4fNormal3fVertex3fvSUN successfully loaded (0x7f808b030140)
opengl   D         extensions.c:294  load_extension                   [   0.13238] glBlendFuncSeparateEXT successfully loaded (0x7f808b01f1e0)
opengl   D         extensions.c:294  load_extension                   [   0.13238] glBlendFuncSeparateINGR successfully loaded (0x7f808b01f200)
opengl   D         extensions.c:294  load_extension                   [   0.13238] glVertexWeightfEXT successfully loaded (0x7f808b037700)
opengl   D         extensions.c:294  load_extension                   [   0.13238] glVertexWeightfvEXT successfully loaded (0x7f808b037720)
opengl   D         extensions.c:294  load_extension                   [   0.13239] glVertexWeightPointerEXT successfully loaded (0x7f808b0376e0)
opengl   D         extensions.c:294  load_extension                   [   0.13239] glFlushVertexArrayRangeNV successfully loaded (0x7f808b023b80)
opengl   D         extensions.c:294  load_extension                   [   0.13239] glVertexArrayRangeNV successfully loaded (0x7f808b0352e0)
opengl   D         extensions.c:294  load_extension                   [   0.13239] glCombinerParameterfvNV successfully loaded (0x7f808b0207a0)
opengl   D         extensions.c:294  load_extension                   [   0.13239] glCombinerParameterfNV successfully loaded (0x7f808b020780)
opengl   D         extensions.c:294  load_extension                   [   0.13240] glCombinerParameterivNV successfully loaded (0x7f808b0207e0)
opengl   D         extensions.c:294  load_extension                   [   0.13240] glCombinerParameteriNV successfully loaded (0x7f808b0207c0)
opengl   D         extensions.c:294  load_extension                   [   0.13240] glCombinerInputNV successfully loaded (0x7f808b020740)
opengl   D         extensions.c:294  load_extension                   [   0.13240] glCombinerOutputNV successfully loaded (0x7f808b020760)
opengl   D         extensions.c:294  load_extension                   [   0.13240] glFinalCombinerInputNV successfully loaded (0x7f808b023960)
opengl   D         extensions.c:294  load_extension                   [   0.13241] glGetCombinerInputParameterfvNV successfully loaded (0x7f808b025180)
opengl   D         extensions.c:294  load_extension                   [   0.13241] glGetCombinerInputParameterivNV successfully loaded (0x7f808b0251a0)
opengl   D         extensions.c:294  load_extension                   [   0.13241] glGetCombinerOutputParameterfvNV successfully loaded (0x7f808b0251c0)
opengl   D         extensions.c:294  load_extension                   [   0.13241] glGetCombinerOutputParameterivNV successfully loaded (0x7f808b0251e0)
opengl   D         extensions.c:294  load_extension                   [   0.13242] glGetFinalCombinerInputParameterfvNV successfully loaded (0x7f808b0255e0)
opengl   D         extensions.c:294  load_extension                   [   0.13242] glGetFinalCombinerInputParameterivNV successfully loaded (0x7f808b025600)
opengl   D         extensions.c:294  load_extension                   [   0.13242] glResizeBuffersMESA successfully loaded (0x7f808b030340)
opengl   D         extensions.c:294  load_extension                   [   0.13242] glWindowPos2dMESA successfully loaded (0x7f808b037c00)
opengl   D         extensions.c:294  load_extension                   [   0.13243] glWindowPos2dvMESA successfully loaded (0x7f808b037c60)
opengl   D         extensions.c:294  load_extension                   [   0.13243] glWindowPos2fMESA successfully loaded (0x7f808b037cc0)
opengl   D         extensions.c:294  load_extension                   [   0.13243] glWindowPos2fvMESA successfully loaded (0x7f808b037d20)
opengl   D         extensions.c:294  load_extension                   [   0.13243] glWindowPos2iMESA successfully loaded (0x7f808b037d80)
opengl   D         extensions.c:294  load_extension                   [   0.13243] glWindowPos2ivMESA successfully loaded (0x7f808b037de0)
opengl   D         extensions.c:294  load_extension                   [   0.13244] glWindowPos2sMESA successfully loaded (0x7f808b037e40)
opengl   D         extensions.c:294  load_extension                   [   0.13244] glWindowPos2svMESA successfully loaded (0x7f808b037ea0)
opengl   D         extensions.c:294  load_extension                   [   0.13244] glWindowPos3dMESA successfully loaded (0x7f808b037f00)
opengl   D         extensions.c:294  load_extension                   [   0.13244] glWindowPos3dvMESA successfully loaded (0x7f808b037f60)
opengl   D         extensions.c:294  load_extension                   [   0.13245] glWindowPos3fMESA successfully loaded (0x7f808b037fc0)
opengl   D         extensions.c:294  load_extension                   [   0.13245] glWindowPos3fvMESA successfully loaded (0x7f808b038020)
opengl   D         extensions.c:294  load_extension                   [   0.13245] glWindowPos3iMESA successfully loaded (0x7f808b038080)
opengl   D         extensions.c:294  load_extension                   [   0.13245] glWindowPos3ivMESA successfully loaded (0x7f808b0380e0)
opengl   D         extensions.c:294  load_extension                   [   0.13245] glWindowPos3sMESA successfully loaded (0x7f808b038140)
opengl   D         extensions.c:294  load_extension                   [   0.13246] glWindowPos3svMESA successfully loaded (0x7f808b0381a0)
opengl   D         extensions.c:294  load_extension                   [   0.13246] glWindowPos4dMESA successfully loaded (0x7f808b0381c0)
opengl   D         extensions.c:294  load_extension                   [   0.13246] glWindowPos4dvMESA successfully loaded (0x7f808b0381e0)
opengl   D         extensions.c:294  load_extension                   [   0.13246] glWindowPos4fMESA successfully loaded (0x7f808b038200)
opengl   D         extensions.c:294  load_extension                   [   0.13246] glWindowPos4fvMESA successfully loaded (0x7f808b038220)
opengl   D         extensions.c:294  load_extension                   [   0.13247] glWindowPos4iMESA successfully loaded (0x7f808b038240)
opengl   D         extensions.c:294  load_extension                   [   0.13247] glWindowPos4ivMESA successfully loaded (0x7f808b038260)
opengl   D         extensions.c:294  load_extension                   [   0.13247] glWindowPos4sMESA successfully loaded (0x7f808b038280)
opengl   D         extensions.c:294  load_extension                   [   0.13247] glWindowPos4svMESA successfully loaded (0x7f808b0382a0)
opengl   D         extensions.c:294  load_extension                   [   0.13247] glMultiModeDrawArraysIBM successfully loaded (0x7f808b02b1a0)
opengl   D         extensions.c:294  load_extension                   [   0.13248] glMultiModeDrawElementsIBM successfully loaded (0x7f808b02b1c0)
opengl   D         extensions.c:294  load_extension                   [   0.13248] glTbufferMask3DFX successfully loaded (0x7f808b0317a0)
opengl   D         extensions.c:294  load_extension                   [   0.13248] glSampleMaskEXT successfully loaded (0x7f808b030520)
opengl   D         extensions.c:294  load_extension                   [   0.13248] glSamplePatternEXT successfully loaded (0x7f808b0305a0)
opengl   D         extensions.c:294  load_extension                   [   0.13248] glTextureColorMaskSGIS successfully loaded (0x7f808b032ea0)
opengl   D         extensions.c:294  load_extension                   [   0.13249] glIglooInterfaceSGIX successfully loaded (0x7f808b028ee0)
opengl   D         extensions.c:294  load_extension                   [   0.13249] glDeleteFencesNV successfully loaded (0x7f808b021b60)
opengl   D         extensions.c:294  load_extension                   [   0.13250] glGenFencesNV successfully loaded (0x7f808b024700)
opengl   D         extensions.c:294  load_extension                   [   0.13250] glIsFenceNV successfully loaded (0x7f808b029600)
opengl   D         extensions.c:294  load_extension                   [   0.13250] glTestFenceNV successfully loaded (0x7f808b031820)
opengl   D         extensions.c:294  load_extension                   [   0.13250] glGetFenceivNV successfully loaded (0x7f808b0255c0)
opengl   D         extensions.c:294  load_extension                   [   0.13251] glFinishFenceNV successfully loaded (0x7f808b0239e0)
opengl   D         extensions.c:294  load_extension                   [   0.13251] glSetFenceNV successfully loaded (0x7f808b030f00)
opengl   D         extensions.c:294  load_extension                   [   0.13251] glMapControlPointsNV successfully loaded (0x7f808b02a4c0)
opengl   D         extensions.c:294  load_extension                   [   0.13251] glMapParameterivNV successfully loaded (0x7f808b02a660)
opengl   D         extensions.c:294  load_extension                   [   0.13251] glMapParameterfvNV successfully loaded (0x7f808b02a640)
opengl   D         extensions.c:294  load_extension                   [   0.13252] glGetMapControlPointsNV successfully loaded (0x7f808b025f40)
opengl   D         extensions.c:294  load_extension                   [   0.13252] glGetMapParameterivNV successfully loaded (0x7f808b025f80)
opengl   D         extensions.c:294  load_extension                   [   0.13252] glGetMapParameterfvNV successfully loaded (0x7f808b025f60)
opengl   D         extensions.c:294  load_extension                   [   0.13252] glGetMapAttribParameterivNV successfully loaded (0x7f808b025f20)
opengl   D         extensions.c:294  load_extension                   [   0.13252] glGetMapAttribParameterfvNV successfully loaded (0x7f808b025f00)
opengl   D         extensions.c:294  load_extension                   [   0.13253] glEvalMapsNV successfully loaded (0x7f808b023620)
opengl   D         extensions.c:294  load_extension                   [   0.13253] glCombinerStageParameterfvNV successfully loaded (0x7f808b020800)
opengl   D         extensions.c:294  load_extension                   [   0.13253] glGetCombinerStageParameterfvNV successfully loaded (0x7f808b025200)
opengl   D         extensions.c:294  load_extension                   [   0.13253] glAreProgramsResidentNV successfully loaded (0x7f808b01e280)
opengl   D         extensions.c:294  load_extension                   [   0.13254] glBindProgramNV successfully loaded (0x7f808b01e9e0)
opengl   D         extensions.c:294  load_extension                   [   0.13254] glDeleteProgramsNV successfully loaded (0x7f808b021da0)
opengl   D         extensions.c:294  load_extension                   [   0.13254] glExecuteProgramNV successfully loaded (0x7f808b0236e0)
opengl   D         extensions.c:294  load_extension                   [   0.13254] glGenProgramsNV successfully loaded (0x7f808b0248a0)
opengl   D         extensions.c:294  load_extension                   [   0.13254] glGetProgramParameterdvNV successfully loaded (0x7f808b026ee0)
opengl   D         extensions.c:294  load_extension                   [   0.13255] glGetProgramParameterfvNV successfully loaded (0x7f808b026f00)
opengl   D         extensions.c:294  load_extension                   [   0.13255] glGetProgramivNV successfully loaded (0x7f808b027140)
opengl   D         extensions.c:294  load_extension                   [   0.13255] glGetProgramStringNV successfully loaded (0x7f808b0270c0)
opengl   D         extensions.c:294  load_extension                   [   0.13255] glGetTrackMatrixivNV successfully loaded (0x7f808b027e20)
opengl   D         extensions.c:294  load_extension                   [   0.13255] glGetVertexAttribdvNV successfully loaded (0x7f808b028560)
opengl   D         extensions.c:294  load_extension                   [   0.13256] glGetVertexAttribfvNV successfully loaded (0x7f808b0285c0)
opengl   D         extensions.c:294  load_extension                   [   0.13256] glGetVertexAttribivNV successfully loaded (0x7f808b028620)
opengl   D         extensions.c:294  load_extension                   [   0.13256] glGetVertexAttribPointervNV successfully loaded (0x7f808b028500)
opengl   D         extensions.c:294  load_extension                   [   0.13256] glIsProgramNV successfully loaded (0x7f808b029840)
opengl   D         extensions.c:294  load_extension                   [   0.13256] glLoadProgramNV successfully loaded (0x7f808b02a0c0)
opengl   D         extensions.c:294  load_extension                   [   0.13257] glProgramParameter4dNV successfully loaded (0x7f808b02e200)
opengl   D         extensions.c:294  load_extension                   [   0.13257] glProgramParameter4dvNV successfully loaded (0x7f808b02e220)
opengl   D         extensions.c:294  load_extension                   [   0.13257] glProgramParameter4fNV successfully loaded (0x7f808b02e240)
opengl   D         extensions.c:294  load_extension                   [   0.13258] glProgramParameter4fvNV successfully loaded (0x7f808b02e260)
opengl   D         extensions.c:294  load_extension                   [   0.13258] glProgramParameters4dvNV successfully loaded (0x7f808b02e2e0)
opengl   D         extensions.c:294  load_extension                   [   0.13258] glProgramParameters4fvNV successfully loaded (0x7f808b02e300)
opengl   D         extensions.c:294  load_extension                   [   0.13258] glRequestResidentProgramsNV successfully loaded (0x7f808b030280)
opengl   D         extensions.c:294  load_extension                   [   0.13259] glTrackMatrixNV successfully loaded (0x7f808b033540)
opengl   D         extensions.c:294  load_extension                   [   0.13259] glVertexAttribPointerNV successfully loaded (0x7f808b036ec0)
opengl   D         extensions.c:294  load_extension                   [   0.13259] glVertexAttrib1dNV successfully loaded (0x7f808b035500)
opengl   D         extensions.c:294  load_extension                   [   0.13259] glVertexAttrib1dvNV successfully loaded (0x7f808b035560)
opengl   D         extensions.c:294  load_extension                   [   0.13259] glVertexAttrib1fNV successfully loaded (0x7f808b0355c0)
opengl   D         extensions.c:294  load_extension                   [   0.13260] glVertexAttrib1fvNV successfully loaded (0x7f808b035620)
opengl   D         extensions.c:294  load_extension                   [   0.13260] glVertexAttrib1sNV successfully loaded (0x7f808b0356c0)
opengl   D         extensions.c:294  load_extension                   [   0.13260] glVertexAttrib1svNV successfully loaded (0x7f808b035720)
opengl   D         extensions.c:294  load_extension                   [   0.13260] glVertexAttrib2dNV successfully loaded (0x7f808b035780)
opengl   D         extensions.c:294  load_extension                   [   0.13260] glVertexAttrib2dvNV successfully loaded (0x7f808b0357e0)
opengl   D         extensions.c:294  load_extension                   [   0.13261] glVertexAttrib2fNV successfully loaded (0x7f808b035840)
opengl   D         extensions.c:294  load_extension                   [   0.13261] glVertexAttrib2fvNV successfully loaded (0x7f808b0358a0)
opengl   D         extensions.c:294  load_extension                   [   0.13261] glVertexAttrib2sNV successfully loaded (0x7f808b035940)
opengl   D         extensions.c:294  load_extension                   [   0.13261] glVertexAttrib2svNV successfully loaded (0x7f808b0359a0)
opengl   D         extensions.c:294  load_extension                   [   0.13261] glVertexAttrib3dNV successfully loaded (0x7f808b035a00)
opengl   D         extensions.c:294  load_extension                   [   0.13262] glVertexAttrib3dvNV successfully loaded (0x7f808b035a60)
opengl   D         extensions.c:294  load_extension                   [   0.13262] glVertexAttrib3fNV successfully loaded (0x7f808b035ac0)
opengl   D         extensions.c:294  load_extension                   [   0.13262] glVertexAttrib3fvNV successfully loaded (0x7f808b035b20)
opengl   D         extensions.c:294  load_extension                   [   0.13262] glVertexAttrib3sNV successfully loaded (0x7f808b035bc0)
opengl   D         extensions.c:294  load_extension                   [   0.13262] glVertexAttrib3svNV successfully loaded (0x7f808b035c20)
opengl   D         extensions.c:294  load_extension                   [   0.13263] glVertexAttrib4dNV successfully loaded (0x7f808b035e80)
opengl   D         extensions.c:294  load_extension                   [   0.13263] glVertexAttrib4dvNV successfully loaded (0x7f808b035ee0)
opengl   D         extensions.c:294  load_extension                   [   0.13263] glVertexAttrib4fNV successfully loaded (0x7f808b035f40)
opengl   D         extensions.c:294  load_extension                   [   0.13263] glVertexAttrib4fvNV successfully loaded (0x7f808b035fa0)
opengl   D         extensions.c:294  load_extension                   [   0.13264] glVertexAttrib4sNV successfully loaded (0x7f808b036080)
opengl   D         extensions.c:294  load_extension                   [   0.13264] glVertexAttrib4svNV successfully loaded (0x7f808b0360e0)
opengl   D         extensions.c:294  load_extension                   [   0.13264] glVertexAttrib4ubNV successfully loaded (0x7f808b036100)
opengl   D         extensions.c:294  load_extension                   [   0.13264] glVertexAttrib4ubvNV successfully loaded (0x7f808b036160)
opengl   D         extensions.c:294  load_extension                   [   0.13265] glVertexAttribs1dvNV successfully loaded (0x7f808b036ee0)
opengl   D         extensions.c:294  load_extension                   [   0.13265] glVertexAttribs1fvNV successfully loaded (0x7f808b036f00)
opengl   D         extensions.c:294  load_extension                   [   0.13265] glVertexAttribs1svNV successfully loaded (0x7f808b036f40)
opengl   D         extensions.c:294  load_extension                   [   0.13265] glVertexAttribs2dvNV successfully loaded (0x7f808b036f60)
opengl   D         extensions.c:294  load_extension                   [   0.13265] glVertexAttribs2fvNV successfully loaded (0x7f808b036f80)
opengl   D         extensions.c:294  load_extension                   [   0.13266] glVertexAttribs2svNV successfully loaded (0x7f808b036fc0)
opengl   D         extensions.c:294  load_extension                   [   0.13266] glVertexAttribs3dvNV successfully loaded (0x7f808b036fe0)
opengl   D         extensions.c:294  load_extension                   [   0.13266] glVertexAttribs3fvNV successfully loaded (0x7f808b037000)
opengl   D         extensions.c:294  load_extension                   [   0.13266] glVertexAttribs3svNV successfully loaded (0x7f808b037040)
opengl   D         extensions.c:294  load_extension                   [   0.13267] glVertexAttribs4dvNV successfully loaded (0x7f808b037060)
opengl   D         extensions.c:294  load_extension                   [   0.13267] glVertexAttribs4fvNV successfully loaded (0x7f808b037080)
opengl   D         extensions.c:294  load_extension                   [   0.13267] glVertexAttribs4svNV successfully loaded (0x7f808b0370c0)
opengl   D         extensions.c:294  load_extension                   [   0.13267] glVertexAttribs4ubvNV successfully loaded (0x7f808b0370e0)
opengl   D         extensions.c:294  load_extension                   [   0.13267] glTexBumpParameterivATI successfully loaded (0x7f808b031980)
opengl   D         extensions.c:294  load_extension                   [   0.13268] glTexBumpParameterfvATI successfully loaded (0x7f808b031960)
opengl   D         extensions.c:294  load_extension                   [   0.13268] glGetTexBumpParameterivATI successfully loaded (0x7f808b0277c0)
opengl   D         extensions.c:294  load_extension                   [   0.13268] glGetTexBumpParameterfvATI successfully loaded (0x7f808b0277a0)
opengl   D         extensions.c:294  load_extension                   [   0.13268] glGenFragmentShadersATI successfully loaded (0x7f808b024720)
opengl   D         extensions.c:294  load_extension                   [   0.13268] glBindFragmentShaderATI successfully loaded (0x7f808b01e860)
opengl   D         extensions.c:294  load_extension                   [   0.13269] glDeleteFragmentShaderATI successfully loaded (0x7f808b021b80)
opengl   D         extensions.c:294  load_extension                   [   0.13269] glBeginFragmentShaderATI successfully loaded (0x7f808b01e460)
opengl   D         extensions.c:294  load_extension                   [   0.13269] glEndFragmentShaderATI successfully loaded (0x7f808b0232c0)
opengl   D         extensions.c:294  load_extension                   [   0.13269] glPassTexCoordATI successfully loaded (0x7f808b02d080)
opengl   D         extensions.c:294  load_extension                   [   0.13270] glSampleMapATI successfully loaded (0x7f808b030500)
opengl   D         extensions.c:294  load_extension                   [   0.13270] glColorFragmentOp1ATI successfully loaded (0x7f808b020400)
opengl   D         extensions.c:294  load_extension                   [   0.13270] glColorFragmentOp2ATI successfully loaded (0x7f808b020420)
opengl   D         extensions.c:294  load_extension                   [   0.13270] glColorFragmentOp3ATI successfully loaded (0x7f808b020440)
opengl   D         extensions.c:294  load_extension                   [   0.13271] glAlphaFragmentOp1ATI successfully loaded (0x7f808b01e140)
opengl   D         extensions.c:294  load_extension                   [   0.13271] glAlphaFragmentOp2ATI successfully loaded (0x7f808b01e160)
opengl   D         extensions.c:294  load_extension                   [   0.13271] glAlphaFragmentOp3ATI successfully loaded (0x7f808b01e180)
opengl   D         extensions.c:294  load_extension                   [   0.13271] glSetFragmentShaderConstantATI successfully loaded (0x7f808b030f20)
opengl   D         extensions.c:294  load_extension                   [   0.13271] glPNTrianglesiATI successfully loaded (0x7f808b02d060)
opengl   D         extensions.c:294  load_extension                   [   0.13272] glPNTrianglesfATI successfully loaded (0x7f808b02d040)
opengl   D         extensions.c:294  load_extension                   [   0.13272] glNewObjectBufferATI successfully loaded (0x7f808b02ca40)
opengl   D         extensions.c:294  load_extension                   [   0.13272] glIsObjectBufferATI successfully loaded (0x7f808b029760)
opengl   D         extensions.c:294  load_extension                   [   0.13272] glUpdateObjectBufferATI successfully loaded (0x7f808b0347a0)
opengl   D         extensions.c:294  load_extension                   [   0.13272] glGetObjectBufferfvATI successfully loaded (0x7f808b0266a0)
opengl   D         extensions.c:294  load_extension                   [   0.13273] glGetObjectBufferivATI successfully loaded (0x7f808b0266c0)
opengl   D         extensions.c:294  load_extension                   [   0.13273] glFreeObjectBufferATI successfully loaded (0x7f808b0245a0)
opengl   D         extensions.c:294  load_extension                   [   0.13273] glArrayObjectATI successfully loaded (0x7f808b01e320)
opengl   D         extensions.c:294  load_extension                   [   0.13273] glGetArrayObjectfvATI successfully loaded (0x7f808b024d80)
opengl   D         extensions.c:294  load_extension                   [   0.13274] glGetArrayObjectivATI successfully loaded (0x7f808b024da0)
opengl   D         extensions.c:294  load_extension                   [   0.13274] glVariantArrayObjectATI successfully loaded (0x7f808b034a80)
opengl   D         extensions.c:294  load_extension                   [   0.13274] glGetVariantArrayObjectfvATI successfully loaded (0x7f808b0281a0)
opengl   D         extensions.c:294  load_extension                   [   0.13274] glGetVariantArrayObjectivATI successfully loaded (0x7f808b0281c0)
opengl   D         extensions.c:294  load_extension                   [   0.13275] glBeginVertexShaderEXT successfully loaded (0x7f808b01e5c0)
opengl   D         extensions.c:294  load_extension                   [   0.13275] glEndVertexShaderEXT successfully loaded (0x7f808b023460)
opengl   D         extensions.c:294  load_extension                   [   0.13276] glBindVertexShaderEXT successfully loaded (0x7f808b01ecc0)
opengl   D         extensions.c:294  load_extension                   [   0.13277] glGenVertexShadersEXT successfully loaded (0x7f808b024b00)
opengl   D         extensions.c:294  load_extension                   [   0.13277] glDeleteVertexShaderEXT successfully loaded (0x7f808b022060)
opengl   D         extensions.c:294  load_extension                   [   0.13277] glShaderOp1EXT successfully loaded (0x7f808b030fe0)
opengl   D         extensions.c:294  load_extension                   [   0.13277] glShaderOp2EXT successfully loaded (0x7f808b031000)
opengl   D         extensions.c:294  load_extension                   [   0.13278] glShaderOp3EXT successfully loaded (0x7f808b031020)
opengl   D         extensions.c:294  load_extension                   [   0.13278] glSwizzleEXT successfully loaded (0x7f808b0315e0)
opengl   D         extensions.c:294  load_extension                   [   0.13278] glWriteMaskEXT successfully loaded (0x7f808b0382e0)
opengl   D         extensions.c:294  load_extension                   [   0.13278] glInsertComponentEXT successfully loaded (0x7f808b0292e0)
opengl   D         extensions.c:294  load_extension                   [   0.13279] glExtractComponentEXT successfully loaded (0x7f808b023880)
opengl   D         extensions.c:294  load_extension                   [   0.13279] glGenSymbolsEXT successfully loaded (0x7f808b0249e0)
opengl   D         extensions.c:294  load_extension                   [   0.13279] glSetInvariantEXT successfully loaded (0x7f808b030f40)
opengl   D         extensions.c:294  load_extension                   [   0.13279] glSetLocalConstantEXT successfully loaded (0x7f808b030f60)
opengl   D         extensions.c:294  load_extension                   [   0.13279] glVariantbvEXT successfully loaded (0x7f808b034ac0)
opengl   D         extensions.c:294  load_extension                   [   0.13280] glVariantsvEXT successfully loaded (0x7f808b034b40)
opengl   D         extensions.c:294  load_extension                   [   0.13280] glVariantivEXT successfully loaded (0x7f808b034b20)
opengl   D         extensions.c:294  load_extension                   [   0.13280] glVariantfvEXT successfully loaded (0x7f808b034b00)
opengl   D         extensions.c:294  load_extension                   [   0.13280] glVariantdvEXT successfully loaded (0x7f808b034ae0)
opengl   D         extensions.c:294  load_extension                   [   0.13280] glVariantubvEXT successfully loaded (0x7f808b034b60)
opengl   D         extensions.c:294  load_extension                   [   0.13281] glVariantusvEXT successfully loaded (0x7f808b034ba0)
opengl   D         extensions.c:294  load_extension                   [   0.13281] glVariantuivEXT successfully loaded (0x7f808b034b80)
opengl   D         extensions.c:294  load_extension                   [   0.13281] glVariantPointerEXT successfully loaded (0x7f808b034aa0)
opengl   D         extensions.c:294  load_extension                   [   0.13281] glEnableVariantClientStateEXT successfully loaded (0x7f808b0230e0)
opengl   D         extensions.c:294  load_extension                   [   0.13281] glDisableVariantClientStateEXT successfully loaded (0x7f808b022420)
opengl   D         extensions.c:294  load_extension                   [   0.13282] glBindLightParameterEXT successfully loaded (0x7f808b01e940)
opengl   D         extensions.c:294  load_extension                   [   0.13282] glBindMaterialParameterEXT successfully loaded (0x7f808b01e960)
opengl   D         extensions.c:294  load_extension                   [   0.13282] glBindTexGenParameterEXT successfully loaded (0x7f808b01eb00)
opengl   D         extensions.c:294  load_extension                   [   0.13282] glBindTextureUnitParameterEXT successfully loaded (0x7f808b01eb80)
opengl   D         extensions.c:294  load_extension                   [   0.13283] glBindParameterEXT successfully loaded (0x7f808b01e9a0)
opengl   D         extensions.c:294  load_extension                   [   0.13283] glIsVariantEnabledEXT successfully loaded (0x7f808b029b00)
opengl   D         extensions.c:294  load_extension                   [   0.13283] glGetVariantBooleanvEXT successfully loaded (0x7f808b0281e0)
opengl   D         extensions.c:294  load_extension                   [   0.13283] glGetVariantIntegervEXT successfully loaded (0x7f808b028220)
opengl   D         extensions.c:294  load_extension                   [   0.13283] glGetVariantFloatvEXT successfully loaded (0x7f808b028200)
opengl   D         extensions.c:294  load_extension                   [   0.13284] glGetVariantPointervEXT successfully loaded (0x7f808b028240)
opengl   D         extensions.c:294  load_extension                   [   0.13284] glGetInvariantBooleanvEXT successfully loaded (0x7f808b025d60)
opengl   D         extensions.c:294  load_extension                   [   0.13284] glGetInvariantIntegervEXT successfully loaded (0x7f808b025da0)
opengl   D         extensions.c:294  load_extension                   [   0.13284] glGetInvariantFloatvEXT successfully loaded (0x7f808b025d80)
opengl   D         extensions.c:294  load_extension                   [   0.13285] glGetLocalConstantBooleanvEXT successfully loaded (0x7f808b025ea0)
opengl   D         extensions.c:294  load_extension                   [   0.13285] glGetLocalConstantIntegervEXT successfully loaded (0x7f808b025ee0)
opengl   D         extensions.c:294  load_extension                   [   0.13285] glGetLocalConstantFloatvEXT successfully loaded (0x7f808b025ec0)
opengl   D         extensions.c:294  load_extension                   [   0.13285] glVertexStream1sATI successfully loaded (0x7f808b0373a0)
opengl   D         extensions.c:294  load_extension                   [   0.13285] glVertexStream1svATI successfully loaded (0x7f808b0373c0)
opengl   D         extensions.c:294  load_extension                   [   0.13286] glVertexStream1iATI successfully loaded (0x7f808b037360)
opengl   D         extensions.c:294  load_extension                   [   0.13286] glVertexStream1ivATI successfully loaded (0x7f808b037380)
opengl   D         extensions.c:294  load_extension                   [   0.13286] glVertexStream1fATI successfully loaded (0x7f808b037320)
opengl   D         extensions.c:294  load_extension                   [   0.13286] glVertexStream1fvATI successfully loaded (0x7f808b037340)
opengl   D         extensions.c:294  load_extension                   [   0.13287] glVertexStream1dATI successfully loaded (0x7f808b0372e0)
opengl   D         extensions.c:294  load_extension                   [   0.13287] glVertexStream1dvATI successfully loaded (0x7f808b037300)
opengl   D         extensions.c:294  load_extension                   [   0.13287] glVertexStream2sATI successfully loaded (0x7f808b0374a0)
opengl   D         extensions.c:294  load_extension                   [   0.13287] glVertexStream2svATI successfully loaded (0x7f808b0374c0)
opengl   D         extensions.c:294  load_extension                   [   0.13287] glVertexStream2iATI successfully loaded (0x7f808b037460)
opengl   D         extensions.c:294  load_extension                   [   0.13288] glVertexStream2ivATI successfully loaded (0x7f808b037480)
opengl   D         extensions.c:294  load_extension                   [   0.13288] glVertexStream2fATI successfully loaded (0x7f808b037420)
opengl   D         extensions.c:294  load_extension                   [   0.13288] glVertexStream2fvATI successfully loaded (0x7f808b037440)
opengl   D         extensions.c:294  load_extension                   [   0.13288] glVertexStream2dATI successfully loaded (0x7f808b0373e0)
opengl   D         extensions.c:294  load_extension                   [   0.13288] glVertexStream2dvATI successfully loaded (0x7f808b037400)
opengl   D         extensions.c:294  load_extension                   [   0.13289] glVertexStream3sATI successfully loaded (0x7f808b0375a0)
opengl   D         extensions.c:294  load_extension                   [   0.13289] glVertexStream3svATI successfully loaded (0x7f808b0375c0)
opengl   D         extensions.c:294  load_extension                   [   0.13289] glVertexStream3iATI successfully loaded (0x7f808b037560)
opengl   D         extensions.c:294  load_extension                   [   0.13289] glVertexStream3ivATI successfully loaded (0x7f808b037580)
opengl   D         extensions.c:294  load_extension                   [   0.13289] glVertexStream3fATI successfully loaded (0x7f808b037520)
opengl   D         extensions.c:294  load_extension                   [   0.13290] glVertexStream3fvATI successfully loaded (0x7f808b037540)
opengl   D         extensions.c:294  load_extension                   [   0.13290] glVertexStream3dATI successfully loaded (0x7f808b0374e0)
opengl   D         extensions.c:294  load_extension                   [   0.13290] glVertexStream3dvATI successfully loaded (0x7f808b037500)
opengl   D         extensions.c:294  load_extension                   [   0.13290] glVertexStream4sATI successfully loaded (0x7f808b0376a0)
opengl   D         extensions.c:294  load_extension                   [   0.13291] glVertexStream4svATI successfully loaded (0x7f808b0376c0)
opengl   D         extensions.c:294  load_extension                   [   0.13291] glVertexStream4iATI successfully loaded (0x7f808b037660)
opengl   D         extensions.c:294  load_extension                   [   0.13291] glVertexStream4ivATI successfully loaded (0x7f808b037680)
opengl   D         extensions.c:294  load_extension                   [   0.13291] glVertexStream4fATI successfully loaded (0x7f808b037620)
opengl   D         extensions.c:294  load_extension                   [   0.13291] glVertexStream4fvATI successfully loaded (0x7f808b037640)
opengl   D         extensions.c:294  load_extension                   [   0.13292] glVertexStream4dATI successfully loaded (0x7f808b0375e0)
opengl   D         extensions.c:294  load_extension                   [   0.13292] glVertexStream4dvATI successfully loaded (0x7f808b037600)
opengl   D         extensions.c:294  load_extension                   [   0.13293] glNormalStream3bATI successfully loaded (0x7f808b02cd60)
opengl   D         extensions.c:294  load_extension                   [   0.13293] glNormalStream3bvATI successfully loaded (0x7f808b02cd80)
opengl   D         extensions.c:294  load_extension                   [   0.13293] glNormalStream3sATI successfully loaded (0x7f808b02ce60)
opengl   D         extensions.c:294  load_extension                   [   0.13293] glNormalStream3svATI successfully loaded (0x7f808b02ce80)
opengl   D         extensions.c:294  load_extension                   [   0.13293] glNormalStream3iATI successfully loaded (0x7f808b02ce20)
opengl   D         extensions.c:294  load_extension                   [   0.13294] glNormalStream3ivATI successfully loaded (0x7f808b02ce40)
opengl   D         extensions.c:294  load_extension                   [   0.13294] glNormalStream3fATI successfully loaded (0x7f808b02cde0)
opengl   D         extensions.c:294  load_extension                   [   0.13294] glNormalStream3fvATI successfully loaded (0x7f808b02ce00)
opengl   D         extensions.c:294  load_extension                   [   0.13294] glNormalStream3dATI successfully loaded (0x7f808b02cda0)
opengl   D         extensions.c:294  load_extension                   [   0.13294] glNormalStream3dvATI successfully loaded (0x7f808b02cdc0)
opengl   D         extensions.c:294  load_extension                   [   0.13295] glClientActiveVertexStreamATI successfully loaded (0x7f808b01fbc0)
opengl   D         extensions.c:294  load_extension                   [   0.13295] glVertexBlendEnviATI successfully loaded (0x7f808b037160)
opengl   D         extensions.c:294  load_extension                   [   0.13295] glVertexBlendEnvfATI successfully loaded (0x7f808b037140)
opengl   D         extensions.c:294  load_extension                   [   0.13295] glElementPointerATI successfully loaded (0x7f808b023000)
opengl   D         extensions.c:294  load_extension                   [   0.13296] glDrawElementArrayATI successfully loaded (0x7f808b0228c0)
opengl   D         extensions.c:294  load_extension                   [   0.13296] glDrawRangeElementArrayATI successfully loaded (0x7f808b022bc0)
opengl   D         extensions.c:294  load_extension                   [   0.13296] glDrawMeshArraysSUN successfully loaded (0x7f808b022b00)
opengl   D         extensions.c:294  load_extension                   [   0.13296] glGenOcclusionQueriesNV successfully loaded (0x7f808b0247e0)
opengl   D         extensions.c:294  load_extension                   [   0.13296] glDeleteOcclusionQueriesNV successfully loaded (0x7f808b021ca0)
opengl   D         extensions.c:294  load_extension                   [   0.13297] glIsOcclusionQueryNV successfully loaded (0x7f808b029780)
opengl   D         extensions.c:294  load_extension                   [   0.13297] glBeginOcclusionQueryNV successfully loaded (0x7f808b01e480)
opengl   D         extensions.c:294  load_extension                   [   0.13297] glEndOcclusionQueryNV successfully loaded (0x7f808b023300)
opengl   D         extensions.c:294  load_extension                   [   0.13298] glGetOcclusionQueryivNV successfully loaded (0x7f808b026820)
opengl   D         extensions.c:294  load_extension                   [   0.13298] glGetOcclusionQueryuivNV successfully loaded (0x7f808b026840)
opengl   D         extensions.c:294  load_extension                   [   0.13298] glPointParameteriNV successfully loaded (0x7f808b02d8c0)
opengl   D         extensions.c:294  load_extension                   [   0.13298] glPointParameterivNV successfully loaded (0x7f808b02d900)
opengl   D         extensions.c:294  load_extension                   [   0.13298] glActiveStencilFaceEXT successfully loaded (0x7f808b01e0c0)
opengl   D         extensions.c:294  load_extension                   [   0.13299] glElementPointerAPPLE successfully loaded (0x7f808b022fe0)
opengl   D         extensions.c:294  load_extension                   [   0.13299] glDrawElementArrayAPPLE successfully loaded (0x7f808b0228a0)
opengl   D         extensions.c:294  load_extension                   [   0.13299] glDrawRangeElementArrayAPPLE successfully loaded (0x7f808b022ba0)
opengl   D         extensions.c:294  load_extension                   [   0.13299] glMultiDrawElementArrayAPPLE successfully loaded (0x7f808b02afc0)
opengl   D         extensions.c:294  load_extension                   [   0.13299] glMultiDrawRangeElementArrayAPPLE successfully loaded (0x7f808b02b180)
opengl   D         extensions.c:294  load_extension                   [   0.13300] glGenFencesAPPLE successfully loaded (0x7f808b0246e0)
opengl   D         extensions.c:294  load_extension                   [   0.13300] glDeleteFencesAPPLE successfully loaded (0x7f808b021b40)
opengl   D         extensions.c:294  load_extension                   [   0.13300] glSetFenceAPPLE successfully loaded (0x7f808b030ee0)
opengl   D         extensions.c:294  load_extension                   [   0.13300] glIsFenceAPPLE successfully loaded (0x7f808b0295e0)
opengl   D         extensions.c:294  load_extension                   [   0.13301] glTestFenceAPPLE successfully loaded (0x7f808b031800)
opengl   D         extensions.c:294  load_extension                   [   0.13301] glFinishFenceAPPLE successfully loaded (0x7f808b0239c0)
opengl   D         extensions.c:294  load_extension                   [   0.13301] glTestObjectAPPLE successfully loaded (0x7f808b031840)
opengl   D         extensions.c:294  load_extension                   [   0.13301] glFinishObjectAPPLE successfully loaded (0x7f808b023a00)
opengl   D         extensions.c:294  load_extension                   [   0.13302] glBindVertexArrayAPPLE successfully loaded (0x7f808b01ec40)
opengl   D         extensions.c:294  load_extension                   [   0.13302] glDeleteVertexArraysAPPLE successfully loaded (0x7f808b022020)
opengl   D         extensions.c:294  load_extension                   [   0.13302] glGenVertexArraysAPPLE successfully loaded (0x7f808b024ac0)
opengl   D         extensions.c:294  load_extension                   [   0.13302] glIsVertexArrayAPPLE successfully loaded (0x7f808b029b40)
opengl   D         extensions.c:294  load_extension                   [   0.13302] glVertexArrayRangeAPPLE successfully loaded (0x7f808b0352c0)
opengl   D         extensions.c:294  load_extension                   [   0.13303] glFlushVertexArrayRangeAPPLE successfully loaded (0x7f808b023b60)
opengl   D         extensions.c:294  load_extension                   [   0.13303] glVertexArrayParameteriAPPLE successfully loaded (0x7f808b0352a0)
opengl   D         extensions.c:294  load_extension                   [   0.13303] glDrawBuffersATI successfully loaded (0x7f808b0227a0)
opengl   D         extensions.c:294  load_extension                   [   0.13303] glProgramNamedParameter4fNV successfully loaded (0x7f808b02e1c0)
opengl   D         extensions.c:294  load_extension                   [   0.13304] glProgramNamedParameter4dNV successfully loaded (0x7f808b02e180)
opengl   D         extensions.c:294  load_extension                   [   0.13304] glProgramNamedParameter4fvNV successfully loaded (0x7f808b02e1e0)
opengl   D         extensions.c:294  load_extension                   [   0.13304] glProgramNamedParameter4dvNV successfully loaded (0x7f808b02e1a0)
opengl   D         extensions.c:294  load_extension                   [   0.13304] glGetProgramNamedParameterfvNV successfully loaded (0x7f808b026ec0)
opengl   D         extensions.c:294  load_extension                   [   0.13305] glGetProgramNamedParameterdvNV successfully loaded (0x7f808b026ea0)
opengl   D         extensions.c:294  load_extension                   [   0.13305] glVertex2hNV successfully loaded (0x7f808b034c80)
opengl   D         extensions.c:294  load_extension                   [   0.13305] glVertex2hvNV successfully loaded (0x7f808b034ca0)
opengl   D         extensions.c:294  load_extension                   [   0.13305] glVertex3hNV successfully loaded (0x7f808b034e40)
opengl   D         extensions.c:294  load_extension                   [   0.13305] glVertex3hvNV successfully loaded (0x7f808b034e60)
opengl   D         extensions.c:294  load_extension                   [   0.13306] glVertex4hNV successfully loaded (0x7f808b035000)
opengl   D         extensions.c:294  load_extension                   [   0.13306] glVertex4hvNV successfully loaded (0x7f808b035020)
opengl   D         extensions.c:294  load_extension                   [   0.13306] glNormal3hNV successfully loaded (0x7f808b02cb60)
opengl   D         extensions.c:294  load_extension                   [   0.13306] glNormal3hvNV successfully loaded (0x7f808b02cb80)
opengl   D         extensions.c:294  load_extension                   [   0.13307] glColor3hNV successfully loaded (0x7f808b01fea0)
opengl   D         extensions.c:294  load_extension                   [   0.13307] glColor3hvNV successfully loaded (0x7f808b01fec0)
opengl   D         extensions.c:294  load_extension                   [   0.13307] glColor4hNV successfully loaded (0x7f808b020180)
opengl   D         extensions.c:294  load_extension                   [   0.13307] glColor4hvNV successfully loaded (0x7f808b0201a0)
opengl   D         extensions.c:294  load_extension                   [   0.13307] glTexCoord1hNV successfully loaded (0x7f808b031a60)
opengl   D         extensions.c:294  load_extension                   [   0.13308] glTexCoord1hvNV successfully loaded (0x7f808b031a80)
opengl   D         extensions.c:294  load_extension                   [   0.13308] glTexCoord2hNV successfully loaded (0x7f808b031d60)
opengl   D         extensions.c:294  load_extension                   [   0.13308] glTexCoord2hvNV successfully loaded (0x7f808b031d80)
opengl   D         extensions.c:294  load_extension                   [   0.13308] glTexCoord3hNV successfully loaded (0x7f808b031f20)
opengl   D         extensions.c:294  load_extension                   [   0.13308] glTexCoord3hvNV successfully loaded (0x7f808b031f40)
opengl   D         extensions.c:294  load_extension                   [   0.13309] glTexCoord4hNV successfully loaded (0x7f808b032160)
opengl   D         extensions.c:294  load_extension                   [   0.13309] glTexCoord4hvNV successfully loaded (0x7f808b032180)
opengl   D         extensions.c:294  load_extension                   [   0.13309] glMultiTexCoord1hNV successfully loaded (0x7f808b02b340)
opengl   D         extensions.c:294  load_extension                   [   0.13309] glMultiTexCoord1hvNV successfully loaded (0x7f808b02b360)
opengl   D         extensions.c:294  load_extension                   [   0.13310] glMultiTexCoord2hNV successfully loaded (0x7f808b02b640)
opengl   D         extensions.c:294  load_extension                   [   0.13310] glMultiTexCoord2hvNV successfully loaded (0x7f808b02b660)
opengl   D         extensions.c:294  load_extension                   [   0.13310] glMultiTexCoord3hNV successfully loaded (0x7f808b02b940)
opengl   D         extensions.c:294  load_extension                   [   0.13310] glMultiTexCoord3hvNV successfully loaded (0x7f808b02b960)
opengl   D         extensions.c:294  load_extension                   [   0.13311] glMultiTexCoord4hNV successfully loaded (0x7f808b02bc40)
opengl   D         extensions.c:294  load_extension                   [   0.13311] glMultiTexCoord4hvNV successfully loaded (0x7f808b02bc60)
opengl   D         extensions.c:294  load_extension                   [   0.13311] glFogCoordhNV successfully loaded (0x7f808b023d20)
opengl   D         extensions.c:294  load_extension                   [   0.13311] glFogCoordhvNV successfully loaded (0x7f808b023d40)
opengl   D         extensions.c:294  load_extension                   [   0.13312] glSecondaryColor3hNV successfully loaded (0x7f808b030aa0)
opengl   D         extensions.c:294  load_extension                   [   0.13312] glSecondaryColor3hvNV successfully loaded (0x7f808b030ac0)
opengl   D         extensions.c:294  load_extension                   [   0.13312] glVertexWeighthNV successfully loaded (0x7f808b037740)
opengl   D         extensions.c:294  load_extension                   [   0.13312] glVertexWeighthvNV successfully loaded (0x7f808b037760)
opengl   D         extensions.c:294  load_extension                   [   0.13312] glVertexAttrib1hNV successfully loaded (0x7f808b035640)
opengl   D         extensions.c:294  load_extension                   [   0.13313] glVertexAttrib1hvNV successfully loaded (0x7f808b035660)
opengl   D         extensions.c:294  load_extension                   [   0.13313] glVertexAttrib2hNV successfully loaded (0x7f808b0358c0)
opengl   D         extensions.c:294  load_extension                   [   0.13313] glVertexAttrib2hvNV successfully loaded (0x7f808b0358e0)
opengl   D         extensions.c:294  load_extension                   [   0.13313] glVertexAttrib3hNV successfully loaded (0x7f808b035b40)
opengl   D         extensions.c:294  load_extension                   [   0.13313] glVertexAttrib3hvNV successfully loaded (0x7f808b035b60)
opengl   D         extensions.c:294  load_extension                   [   0.13314] glVertexAttrib4hNV successfully loaded (0x7f808b035fc0)
opengl   D         extensions.c:294  load_extension                   [   0.13314] glVertexAttrib4hvNV successfully loaded (0x7f808b035fe0)
opengl   D         extensions.c:294  load_extension                   [   0.13314] glVertexAttribs1hvNV successfully loaded (0x7f808b036f20)
opengl   D         extensions.c:294  load_extension                   [   0.13314] glVertexAttribs2hvNV successfully loaded (0x7f808b036fa0)
opengl   D         extensions.c:294  load_extension                   [   0.13314] glVertexAttribs3hvNV successfully loaded (0x7f808b037020)
opengl   D         extensions.c:294  load_extension                   [   0.13315] glVertexAttribs4hvNV successfully loaded (0x7f808b0370a0)
opengl   D         extensions.c:294  load_extension                   [   0.13315] glPixelDataRangeNV successfully loaded (0x7f808b02d4c0)
opengl   D         extensions.c:294  load_extension                   [   0.13315] glFlushPixelDataRangeNV successfully loaded (0x7f808b023b00)
opengl   D         extensions.c:294  load_extension                   [   0.13315] glPrimitiveRestartNV successfully loaded (0x7f808b02dda0)
opengl   D         extensions.c:294  load_extension                   [   0.13315] glPrimitiveRestartIndexNV successfully loaded (0x7f808b02dd80)
opengl   D         extensions.c:294  load_extension                   [   0.13316] glMapObjectBufferATI successfully loaded (0x7f808b02a620)
opengl   D         extensions.c:294  load_extension                   [   0.13316] glUnmapObjectBufferATI successfully loaded (0x7f808b034760)
opengl   D         extensions.c:294  load_extension                   [   0.13316] glVertexAttribArrayObjectATI successfully loaded (0x7f808b036200)
opengl   D         extensions.c:294  load_extension                   [   0.13316] glGetVertexAttribArrayObjectfvATI successfully loaded (0x7f808b028360)
opengl   D         extensions.c:294  load_extension                   [   0.13317] glGetVertexAttribArrayObjectivATI successfully loaded (0x7f808b028380)
opengl   D         extensions.c:294  load_extension                   [   0.13317] glVertex2bOES successfully loaded (0x7f808b034bc0)
opengl   D         extensions.c:294  load_extension                   [   0.13317] glVertex3bOES successfully loaded (0x7f808b034d80)
opengl   D         extensions.c:294  load_extension                   [   0.13317] glVertex4bOES successfully loaded (0x7f808b034f40)
opengl   D         extensions.c:294  load_extension                   [   0.13318] glVertex2bvOES successfully loaded (0x7f808b034be0)
opengl   D         extensions.c:294  load_extension                   [   0.13318] glVertex3bvOES successfully loaded (0x7f808b034da0)
opengl   D         extensions.c:294  load_extension                   [   0.13318] glVertex4bvOES successfully loaded (0x7f808b034f60)
opengl   D         extensions.c:294  load_extension                   [   0.13318] glTexCoord1bOES successfully loaded (0x7f808b0319a0)
opengl   D         extensions.c:294  load_extension                   [   0.13319] glTexCoord2bOES successfully loaded (0x7f808b031b60)
opengl   D         extensions.c:294  load_extension                   [   0.13319] glTexCoord3bOES successfully loaded (0x7f808b031e60)
opengl   D         extensions.c:294  load_extension                   [   0.13319] glTexCoord4bOES successfully loaded (0x7f808b032020)
opengl   D         extensions.c:294  load_extension                   [   0.13319] glTexCoord1bvOES successfully loaded (0x7f808b0319c0)
opengl   D         extensions.c:294  load_extension                   [   0.13319] glTexCoord2bvOES successfully loaded (0x7f808b031b80)
opengl   D         extensions.c:294  load_extension                   [   0.13320] glTexCoord3bvOES successfully loaded (0x7f808b031e80)
opengl   D         extensions.c:294  load_extension                   [   0.13320] glTexCoord4bvOES successfully loaded (0x7f808b032040)
opengl   D         extensions.c:294  load_extension                   [   0.13320] glMultiTexCoord1bOES successfully loaded (0x7f808b02b200)
opengl   D         extensions.c:294  load_extension                   [   0.13320] glMultiTexCoord2bOES successfully loaded (0x7f808b02b500)
opengl   D         extensions.c:294  load_extension                   [   0.13321] glMultiTexCoord3bOES successfully loaded (0x7f808b02b800)
opengl   D         extensions.c:294  load_extension                   [   0.13321] glMultiTexCoord4bOES successfully loaded (0x7f808b02bb00)
opengl   D         extensions.c:294  load_extension                   [   0.13321] glMultiTexCoord1bvOES successfully loaded (0x7f808b02b220)
opengl   D         extensions.c:294  load_extension                   [   0.13321] glMultiTexCoord2bvOES successfully loaded (0x7f808b02b520)
opengl   D         extensions.c:294  load_extension                   [   0.13321] glMultiTexCoord3bvOES successfully loaded (0x7f808b02b820)
opengl   D         extensions.c:294  load_extension                   [   0.13322] glMultiTexCoord4bvOES successfully loaded (0x7f808b02bb20)
opengl   D         extensions.c:294  load_extension                   [   0.13322] glVertex2xOES successfully loaded (0x7f808b034d40)
opengl   D         extensions.c:294  load_extension                   [   0.13322] glVertex3xOES successfully loaded (0x7f808b034f00)
opengl   D         extensions.c:294  load_extension                   [   0.13322] glVertex4xOES successfully loaded (0x7f808b0350c0)
opengl   D         extensions.c:294  load_extension                   [   0.13322] glVertex2xvOES successfully loaded (0x7f808b034d60)
opengl   D         extensions.c:294  load_extension                   [   0.13323] glVertex3xvOES successfully loaded (0x7f808b034f20)
opengl   D         extensions.c:294  load_extension                   [   0.13323] glVertex4xvOES successfully loaded (0x7f808b0350e0)
opengl   D         extensions.c:294  load_extension                   [   0.13323] glNormal3xOES successfully loaded (0x7f808b02cc40)
opengl   D         extensions.c:294  load_extension                   [   0.13323] glNormal3xvOES successfully loaded (0x7f808b02cc60)
opengl   D         extensions.c:294  load_extension                   [   0.13324] glTexCoord1xOES successfully loaded (0x7f808b031b20)
opengl   D         extensions.c:294  load_extension                   [   0.13324] glTexCoord2xOES successfully loaded (0x7f808b031e20)
opengl   D         extensions.c:294  load_extension                   [   0.13324] glTexCoord3xOES successfully loaded (0x7f808b031fe0)
opengl   D         extensions.c:294  load_extension                   [   0.13324] glTexCoord4xOES successfully loaded (0x7f808b032220)
opengl   D         extensions.c:294  load_extension                   [   0.13325] glTexCoord1xvOES successfully loaded (0x7f808b031b40)
opengl   D         extensions.c:294  load_extension                   [   0.13325] glTexCoord2xvOES successfully loaded (0x7f808b031e40)
opengl   D         extensions.c:294  load_extension                   [   0.13325] glTexCoord3xvOES successfully loaded (0x7f808b032000)
opengl   D         extensions.c:294  load_extension                   [   0.13325] glTexCoord4xvOES successfully loaded (0x7f808b032240)
opengl   D         extensions.c:294  load_extension                   [   0.13325] glMultiTexCoord1xOES successfully loaded (0x7f808b02b4a0)
opengl   D         extensions.c:294  load_extension                   [   0.13326] glMultiTexCoord2xOES successfully loaded (0x7f808b02b7a0)
opengl   D         extensions.c:294  load_extension                   [   0.13326] glMultiTexCoord3xOES successfully loaded (0x7f808b02baa0)
opengl   D         extensions.c:294  load_extension                   [   0.13326] glMultiTexCoord4xOES successfully loaded (0x7f808b02bda0)
opengl   D         extensions.c:294  load_extension                   [   0.13326] glMultiTexCoord1xvOES successfully loaded (0x7f808b02b4e0)
opengl   D         extensions.c:294  load_extension                   [   0.13327] glMultiTexCoord2xvOES successfully loaded (0x7f808b02b7e0)
opengl   D         extensions.c:294  load_extension                   [   0.13327] glMultiTexCoord3xvOES successfully loaded (0x7f808b02bae0)
opengl   D         extensions.c:294  load_extension                   [   0.13327] glMultiTexCoord4xvOES successfully loaded (0x7f808b02bde0)
opengl   D         extensions.c:294  load_extension                   [   0.13327] glColor3xOES successfully loaded (0x7f808b020040)
opengl   D         extensions.c:294  load_extension                   [   0.13327] glColor4xOES successfully loaded (0x7f808b0203a0)
opengl   D         extensions.c:294  load_extension                   [   0.13328] glColor3xvOES successfully loaded (0x7f808b020060)
opengl   D         extensions.c:294  load_extension                   [   0.13328] glColor4xvOES successfully loaded (0x7f808b0203c0)
opengl   D         extensions.c:294  load_extension                   [   0.13328] glIndexxOES successfully loaded (0x7f808b029280)
opengl   D         extensions.c:294  load_extension                   [   0.13328] glIndexxvOES successfully loaded (0x7f808b0292a0)
opengl   D         extensions.c:294  load_extension                   [   0.13328] glRectxOES successfully loaded (0x7f808b02fd60)
opengl   D         extensions.c:294  load_extension                   [   0.13329] glRectxvOES successfully loaded (0x7f808b02fd80)
opengl   D         extensions.c:294  load_extension                   [   0.13329] glDepthRangexOES successfully loaded (0x7f808b0222a0)
opengl   D         extensions.c:294  load_extension                   [   0.13329] glLoadMatrixxOES successfully loaded (0x7f808b02a060)
opengl   D         extensions.c:294  load_extension                   [   0.13329] glMultMatrixxOES successfully loaded (0x7f808b02adc0)
opengl   D         extensions.c:294  load_extension                   [   0.13330] glLoadTransposeMatrixxOES successfully loaded (0x7f808b02a180)
opengl   D         extensions.c:294  load_extension                   [   0.13330] glMultTransposeMatrixxOES successfully loaded (0x7f808b02ae80)
opengl   D         extensions.c:294  load_extension                   [   0.13330] glRotatexOES successfully loaded (0x7f808b030460)
opengl   D         extensions.c:294  load_extension                   [   0.13330] glScalexOES successfully loaded (0x7f808b030780)
opengl   D         extensions.c:294  load_extension                   [   0.13331] glTranslatexOES successfully loaded (0x7f808b0336c0)
opengl   D         extensions.c:294  load_extension                   [   0.13331] glFrustumxOES successfully loaded (0x7f808b024660)
opengl   D         extensions.c:294  load_extension                   [   0.13331] glOrthoxOES successfully loaded (0x7f808b02d020)
opengl   D         extensions.c:294  load_extension                   [   0.13331] glTexGenxOES successfully loaded (0x7f808b0326a0)
opengl   D         extensions.c:294  load_extension                   [   0.13332] glTexGenxvOES successfully loaded (0x7f808b0326c0)
opengl   D         extensions.c:294  load_extension                   [   0.13332] glGetTexGenxvOES successfully loaded (0x7f808b027920)
opengl   D         extensions.c:294  load_extension                   [   0.13332] glClipPlanexOES successfully loaded (0x7f808b01fd80)
opengl   D         extensions.c:294  load_extension                   [   0.13332] glGetClipPlanexOES successfully loaded (0x7f808b025040)
opengl   D         extensions.c:294  load_extension                   [   0.13332] glRasterPos2xOES successfully loaded (0x7f808b02f860)
opengl   D         extensions.c:294  load_extension                   [   0.13333] glRasterPos3xOES successfully loaded (0x7f808b02f9a0)
opengl   D         extensions.c:294  load_extension                   [   0.13333] glRasterPos4xOES successfully loaded (0x7f808b02fae0)
opengl   D         extensions.c:294  load_extension                   [   0.13333] glRasterPos2xvOES successfully loaded (0x7f808b02f880)
opengl   D         extensions.c:294  load_extension                   [   0.13333] glRasterPos3xvOES successfully loaded (0x7f808b02f9c0)
opengl   D         extensions.c:294  load_extension                   [   0.13333] glRasterPos4xvOES successfully loaded (0x7f808b02fb00)
opengl   D         extensions.c:294  load_extension                   [   0.13334] glMaterialxOES successfully loaded (0x7f808b02a7c0)
opengl   D         extensions.c:294  load_extension                   [   0.13334] glMaterialxvOES successfully loaded (0x7f808b02a800)
opengl   D         extensions.c:294  load_extension                   [   0.13334] glGetMaterialxOES successfully loaded (0x7f808b026060)
opengl   D         extensions.c:294  load_extension                   [   0.13334] glLightxOES successfully loaded (0x7f808b029de0)
opengl   D         extensions.c:294  load_extension                   [   0.13334] glLightxvOES successfully loaded (0x7f808b029e20)
opengl   D         extensions.c:294  load_extension                   [   0.13335] glGetLightxOES successfully loaded (0x7f808b025e00)
opengl   D         extensions.c:294  load_extension                   [   0.13335] glLightModelxOES successfully loaded (0x7f808b029ce0)
opengl   D         extensions.c:294  load_extension                   [   0.13335] glLightModelxvOES successfully loaded (0x7f808b029d20)
opengl   D         extensions.c:294  load_extension                   [   0.13335] glPointSizexOES successfully loaded (0x7f808b02da00)
opengl   D         extensions.c:294  load_extension                   [   0.13336] glLineWidthxOES successfully loaded (0x7f808b029ea0)
opengl   D         extensions.c:294  load_extension                   [   0.13336] glPolygonOffsetxOES successfully loaded (0x7f808b02db40)
opengl   D         extensions.c:294  load_extension                   [   0.13336] glPixelStorex successfully loaded (0x7f808b02d5a0)
opengl   D         extensions.c:294  load_extension                   [   0.13336] glPixelTransferxOES successfully loaded (0x7f808b02d6a0)
opengl   D         extensions.c:294  load_extension                   [   0.13337] glPixelMapx successfully loaded (0x7f808b02d540)
opengl   D         extensions.c:294  load_extension                   [   0.13337] glGetPixelMapxv successfully loaded (0x7f808b026ba0)
opengl   D         extensions.c:294  load_extension                   [   0.13337] glConvolutionParameterxOES successfully loaded (0x7f808b020e60)
opengl   D         extensions.c:294  load_extension                   [   0.13337] glConvolutionParameterxvOES successfully loaded (0x7f808b020e80)
opengl   D         extensions.c:294  load_extension                   [   0.13338] glGetConvolutionParameterxvOES successfully loaded (0x7f808b0253e0)
opengl   D         extensions.c:294  load_extension                   [   0.13338] glGetHistogramParameterxvOES successfully loaded (0x7f808b025ae0)
opengl   D         extensions.c:294  load_extension                   [   0.13338] glPixelZoomxOES successfully loaded (0x7f808b02d760)
opengl   D         extensions.c:294  load_extension                   [   0.13338] glBitmapxOES successfully loaded (0x7f808b01eea0)
opengl   D         extensions.c:294  load_extension                   [   0.13338] glTexParameterxOES successfully loaded (0x7f808b032a00)
opengl   D         extensions.c:294  load_extension                   [   0.13339] glTexParameterxvOES successfully loaded (0x7f808b032a40)
opengl   D         extensions.c:294  load_extension                   [   0.13339] glGetTexParameterxvOES successfully loaded (0x7f808b027b60)
opengl   D         extensions.c:294  load_extension                   [   0.13339] glGetTexLevelParameterxvOES successfully loaded (0x7f808b027a00)
opengl   D         extensions.c:294  load_extension                   [   0.13339] glPrioritizeTexturesxOES successfully loaded (0x7f808b02de00)
opengl   D         extensions.c:294  load_extension                   [   0.13340] glTexEnvxOES successfully loaded (0x7f808b0324a0)
opengl   D         extensions.c:294  load_extension                   [   0.13340] glTexEnvxvOES successfully loaded (0x7f808b0324e0)
opengl   D         extensions.c:294  load_extension                   [   0.13340] glGetTexEnvxvOES successfully loaded (0x7f808b027840)
opengl   D         extensions.c:294  load_extension                   [   0.13340] glFogxOES successfully loaded (0x7f808b023e20)
opengl   D         extensions.c:294  load_extension                   [   0.13340] glFogxvOES successfully loaded (0x7f808b023e60)
opengl   D         extensions.c:294  load_extension                   [   0.13341] glSampleCoverageOES successfully loaded (0x7f808b038360)
opengl   D         extensions.c:294  load_extension                   [   0.13341] glAlphaFuncxOES successfully loaded (0x7f808b01e200)
opengl   D         extensions.c:294  load_extension                   [   0.13341] glBlendColorxOES successfully loaded (0x7f808b01ef60)
opengl   D         extensions.c:294  load_extension                   [   0.13341] glClearColorxOES successfully loaded (0x7f808b01f8c0)
opengl   D         extensions.c:294  load_extension                   [   0.13342] glClearDepthxOES successfully loaded (0x7f808b01f980)
opengl   D         extensions.c:294  load_extension                   [   0.13342] glClearAccumxOES successfully loaded (0x7f808b01f760)
opengl   D         extensions.c:294  load_extension                   [   0.13342] glAccumxOES successfully loaded (0x7f808b01e020)
opengl   D         extensions.c:294  load_extension                   [   0.13342] glMap1xOES successfully loaded (0x7f808b02a3a0)
opengl   D         extensions.c:294  load_extension                   [   0.13342] glMap2xOES successfully loaded (0x7f808b02a400)
opengl   D         extensions.c:294  load_extension                   [   0.13343] glMapGrid1xOES successfully loaded (0x7f808b02a520)
opengl   D         extensions.c:294  load_extension                   [   0.13343] glMapGrid2xOES successfully loaded (0x7f808b02a580)
opengl   D         extensions.c:294  load_extension                   [   0.13343] glGetMapxvOES successfully loaded (0x7f808b026000)
opengl   D         extensions.c:294  load_extension                   [   0.13344] glEvalCoord1xOES successfully loaded (0x7f808b023520)
opengl   D         extensions.c:294  load_extension                   [   0.13344] glEvalCoord2xOES successfully loaded (0x7f808b0235e0)
opengl   D         extensions.c:294  load_extension                   [   0.13344] glEvalCoord1xvOES successfully loaded (0x7f808b023540)
opengl   D         extensions.c:294  load_extension                   [   0.13344] glEvalCoord2xvOES successfully loaded (0x7f808b023600)
opengl   D         extensions.c:294  load_extension                   [   0.13345] glFeedbackBufferxOES successfully loaded (0x7f808b0238e0)
opengl   D         extensions.c:294  load_extension                   [   0.13345] glPassThroughxOES successfully loaded (0x7f808b02d0c0)
opengl   D         extensions.c:294  load_extension                   [   0.13345] glGetFixedvOES successfully loaded (0x7f808b025660)
opengl   D         extensions.c:294  load_extension                   [   0.13345] glDepthRangefOES successfully loaded (0x7f808b022260)
opengl   D         extensions.c:294  load_extension                   [   0.13345] glFrustumfOES successfully loaded (0x7f808b024620)
opengl   D         extensions.c:294  load_extension                   [   0.13346] glOrthofOES successfully loaded (0x7f808b02cfe0)
opengl   D         extensions.c:294  load_extension                   [   0.13346] glClipPlanefOES successfully loaded (0x7f808b01fd20)
opengl   D         extensions.c:294  load_extension                   [   0.13346] glGetClipPlanefOES successfully loaded (0x7f808b025000)
opengl   D         extensions.c:294  load_extension                   [   0.13346] glClearDepthfOES successfully loaded (0x7f808b01f940)
opengl   D         extensions.c:294  load_extension                   [   0.13347] glQueryMatrixxOES successfully loaded (0x7f808b02f6e0)
opengl   D         extensions.c:294  load_extension                   [   0.13347] glDepthBoundsEXT successfully loaded (0x7f808b022080)
opengl   D         extensions.c:294  load_extension                   [   0.13347] glBlendEquationSeparateEXT successfully loaded (0x7f808b01f020)
opengl   D         extensions.c:294  load_extension                   [   0.13347] glIsRenderbufferEXT successfully loaded (0x7f808b029920)
opengl   D         extensions.c:294  load_extension                   [   0.13347] glBindRenderbufferEXT successfully loaded (0x7f808b01ea60)
opengl   D         extensions.c:294  load_extension                   [   0.13348] glDeleteRenderbuffersEXT successfully loaded (0x7f808b021e60)
opengl   D         extensions.c:294  load_extension                   [   0.13348] glGenRenderbuffersEXT successfully loaded (0x7f808b024960)
opengl   D         extensions.c:294  load_extension                   [   0.13348] glRenderbufferStorageEXT successfully loaded (0x7f808b02fe60)
opengl   D         extensions.c:294  load_extension                   [   0.13348] glGetRenderbufferParameterivEXT successfully loaded (0x7f808b0273e0)
opengl   D         extensions.c:294  load_extension                   [   0.13348] glIsFramebufferEXT successfully loaded (0x7f808b029640)
opengl   D         extensions.c:294  load_extension                   [   0.13349] glBindFramebufferEXT successfully loaded (0x7f808b01e8a0)
opengl   D         extensions.c:294  load_extension                   [   0.13349] glDeleteFramebuffersEXT successfully loaded (0x7f808b021bc0)
opengl   D         extensions.c:294  load_extension                   [   0.13349] glGenFramebuffersEXT successfully loaded (0x7f808b024760)
opengl   D         extensions.c:294  load_extension                   [   0.13349] glCheckFramebufferStatusEXT successfully loaded (0x7f808b01f660)
opengl   D         extensions.c:294  load_extension                   [   0.13349] glFramebufferTexture1DEXT successfully loaded (0x7f808b0242e0)
opengl   D         extensions.c:294  load_extension                   [   0.13350] glFramebufferTexture2DEXT successfully loaded (0x7f808b024340)
opengl   D         extensions.c:294  load_extension                   [   0.13350] glFramebufferTexture3DEXT successfully loaded (0x7f808b0243e0)
opengl   D         extensions.c:294  load_extension                   [   0.13350] glFramebufferRenderbufferEXT successfully loaded (0x7f808b0241e0)
opengl   D         extensions.c:294  load_extension                   [   0.13351] glGetFramebufferAttachmentParameterivEXT successfully loaded (0x7f808b0258a0)
opengl   D         extensions.c:294  load_extension                   [   0.13351] glGenerateMipmapEXT successfully loaded (0x7f808b024b40)
opengl   D         extensions.c:294  load_extension                   [   0.13351] glStringMarkerGREMEDY successfully loaded (0x7f808b0315a0)
opengl   D         extensions.c:294  load_extension                   [   0.13351] glStencilClearTagEXT successfully loaded (0x7f808b031340)
opengl   D         extensions.c:294  load_extension                   [   0.13352] glBlitFramebufferEXT successfully loaded (0x7f808b01f3c0)
opengl   D         extensions.c:294  load_extension                   [   0.13352] glRenderbufferStorageMultisampleEXT successfully loaded (0x7f808b02ff20)
opengl   D         extensions.c:294  load_extension                   [   0.13352] glGetQueryObjecti64vEXT successfully loaded (0x7f808b027220)
opengl   D         extensions.c:294  load_extension                   [   0.13352] glGetQueryObjectui64vEXT successfully loaded (0x7f808b0272c0)
opengl   D         extensions.c:294  load_extension                   [   0.13352] glProgramEnvParameters4fvEXT successfully loaded (0x7f808b02dfc0)
opengl   D         extensions.c:294  load_extension                   [   0.13353] glProgramLocalParameters4fvEXT successfully loaded (0x7f808b02e120)
opengl   D         extensions.c:294  load_extension                   [   0.13353] glBufferParameteriAPPLE successfully loaded (0x7f808b01f500)
opengl   D         extensions.c:294  load_extension                   [   0.13353] glFlushMappedBufferRangeAPPLE successfully loaded (0x7f808b023a80)
opengl   D         extensions.c:294  load_extension                   [   0.13353] glUniformBufferEXT successfully loaded (0x7f808b034200)
opengl   D         extensions.c:294  load_extension                   [   0.13354] glGetUniformBufferSizeEXT successfully loaded (0x7f808b027f40)
opengl   D         extensions.c:294  load_extension                   [   0.13354] glGetUniformOffsetEXT successfully loaded (0x7f808b027fc0)
opengl   D         extensions.c:294  load_extension                   [   0.13354] glColorMaskIndexedEXT successfully loaded (0x7f808b020480)
opengl   D         extensions.c:294  load_extension                   [   0.13354] glGetBooleanIndexedvEXT successfully loaded (0x7f808b024e40)
opengl   D         extensions.c:294  load_extension                   [   0.13354] glGetIntegerIndexedvEXT successfully loaded (0x7f808b025c40)
opengl   D         extensions.c:294  load_extension                   [   0.13355] glEnableIndexedEXT successfully loaded (0x7f808b0230c0)
opengl   D         extensions.c:294  load_extension                   [   0.13355] glDisableIndexedEXT successfully loaded (0x7f808b022400)
opengl   D         extensions.c:294  load_extension                   [   0.13355] glIsEnabledIndexedEXT successfully loaded (0x7f808b029540)
opengl   D         extensions.c:294  load_extension                   [   0.13355] glDrawArraysInstancedEXT successfully loaded (0x7f808b022700)
opengl   D         extensions.c:294  load_extension                   [   0.13356] glDrawElementsInstancedEXT successfully loaded (0x7f808b022ac0)
opengl   D         extensions.c:294  load_extension                   [   0.13356] glProgramParameteriEXT successfully loaded (0x7f808b02e2c0)
opengl   D         extensions.c:294  load_extension                   [   0.13356] glFramebufferTextureEXT successfully loaded (0x7f808b024440)
opengl   D         extensions.c:294  load_extension                   [   0.13356] glFramebufferTextureFaceEXT successfully loaded (0x7f808b024480)
opengl   D         extensions.c:294  load_extension                   [   0.13357] glVertexAttribI1iEXT successfully loaded (0x7f808b036340)
opengl   D         extensions.c:294  load_extension                   [   0.13357] glVertexAttribI2iEXT successfully loaded (0x7f808b036440)
opengl   D         extensions.c:294  load_extension                   [   0.13357] glVertexAttribI3iEXT successfully loaded (0x7f808b036540)
opengl   D         extensions.c:294  load_extension                   [   0.13357] glVertexAttribI4iEXT successfully loaded (0x7f808b036680)
opengl   D         extensions.c:294  load_extension                   [   0.13358] glVertexAttribI1uiEXT successfully loaded (0x7f808b0363c0)
opengl   D         extensions.c:294  load_extension                   [   0.13358] glVertexAttribI2uiEXT successfully loaded (0x7f808b0364c0)
opengl   D         extensions.c:294  load_extension                   [   0.13358] glVertexAttribI3uiEXT successfully loaded (0x7f808b0365c0)
opengl   D         extensions.c:294  load_extension                   [   0.13358] glVertexAttribI4uiEXT successfully loaded (0x7f808b036780)
opengl   D         extensions.c:294  load_extension                   [   0.13358] glVertexAttribI1ivEXT successfully loaded (0x7f808b036380)
opengl   D         extensions.c:294  load_extension                   [   0.13359] glVertexAttribI2ivEXT successfully loaded (0x7f808b036480)
opengl   D         extensions.c:294  load_extension                   [   0.13359] glVertexAttribI3ivEXT successfully loaded (0x7f808b036580)
opengl   D         extensions.c:294  load_extension                   [   0.13359] glVertexAttribI4ivEXT successfully loaded (0x7f808b0366c0)
opengl   D         extensions.c:294  load_extension                   [   0.13359] glVertexAttribI1uivEXT successfully loaded (0x7f808b036400)
opengl   D         extensions.c:294  load_extension                   [   0.13359] glVertexAttribI2uivEXT successfully loaded (0x7f808b036500)
opengl   D         extensions.c:294  load_extension                   [   0.13360] glVertexAttribI3uivEXT successfully loaded (0x7f808b036600)
opengl   D         extensions.c:294  load_extension                   [   0.13360] glVertexAttribI4uivEXT successfully loaded (0x7f808b0367c0)
opengl   D         extensions.c:294  load_extension                   [   0.13360] glVertexAttribI4bvEXT successfully loaded (0x7f808b036640)
opengl   D         extensions.c:294  load_extension                   [   0.13360] glVertexAttribI4svEXT successfully loaded (0x7f808b036700)
opengl   D         extensions.c:294  load_extension                   [   0.13360] glVertexAttribI4ubvEXT successfully loaded (0x7f808b036740)
opengl   D         extensions.c:294  load_extension                   [   0.13361] glVertexAttribI4usvEXT successfully loaded (0x7f808b036800)
opengl   D         extensions.c:294  load_extension                   [   0.13361] glVertexAttribIPointerEXT successfully loaded (0x7f808b036880)
opengl   D         extensions.c:294  load_extension                   [   0.13361] glGetVertexAttribIivEXT successfully loaded (0x7f808b0283c0)
opengl   D         extensions.c:294  load_extension                   [   0.13362] glGetVertexAttribIuivEXT successfully loaded (0x7f808b028400)
opengl   D         extensions.c:294  load_extension                   [   0.13362] glUniform1uiEXT successfully loaded (0x7f808b033940)
opengl   D         extensions.c:294  load_extension                   [   0.13362] glUniform2uiEXT successfully loaded (0x7f808b033c00)
opengl   D         extensions.c:294  load_extension                   [   0.13362] glUniform3uiEXT successfully loaded (0x7f808b033ec0)
opengl   D         extensions.c:294  load_extension                   [   0.13362] glUniform4uiEXT successfully loaded (0x7f808b034180)
opengl   D         extensions.c:294  load_extension                   [   0.13363] glUniform1uivEXT successfully loaded (0x7f808b033980)
opengl   D         extensions.c:294  load_extension                   [   0.13363] glUniform2uivEXT successfully loaded (0x7f808b033c40)
opengl   D         extensions.c:294  load_extension                   [   0.13363] glUniform3uivEXT successfully loaded (0x7f808b033f00)
opengl   D         extensions.c:294  load_extension                   [   0.13364] glUniform4uivEXT successfully loaded (0x7f808b0341c0)
opengl   D         extensions.c:294  load_extension                   [   0.13364] glGetUniformuivEXT successfully loaded (0x7f808b028140)
opengl   D         extensions.c:294  load_extension                   [   0.13364] glBindFragDataLocationEXT successfully loaded (0x7f808b01e800)
opengl   D         extensions.c:294  load_extension                   [   0.13364] glGetFragDataLocationEXT successfully loaded (0x7f808b0257c0)
opengl   D         extensions.c:294  load_extension                   [   0.13364] glFramebufferTextureLayerEXT successfully loaded (0x7f808b024500)
opengl   D         extensions.c:294  load_extension                   [   0.13365] glTexBufferEXT successfully loaded (0x7f808b0318c0)
opengl   D         extensions.c:294  load_extension                   [   0.13365] glDepthRangedNV successfully loaded (0x7f808b022220)
opengl   D         extensions.c:294  load_extension                   [   0.13365] glClearDepthdNV successfully loaded (0x7f808b01f900)
opengl   D         extensions.c:294  load_extension                   [   0.13365] glDepthBoundsdNV successfully loaded (0x7f808b0220a0)
opengl   D         extensions.c:294  load_extension                   [   0.13366] glRenderbufferStorageMultsampleCoverageNV successfully loaded (0x7f808b038380)
opengl   D         extensions.c:294  load_extension                   [   0.13366] glProgramVertexLimitNV successfully loaded (0x7f808b02f500)
opengl   D         extensions.c:294  load_extension                   [   0.13366] glProgramLocalParameterI4iNV successfully loaded (0x7f808b02e0a0)
opengl   D         extensions.c:294  load_extension                   [   0.13366] glProgramLocalParameterI4ivNV successfully loaded (0x7f808b02e0c0)
opengl   D         extensions.c:294  load_extension                   [   0.13366] glProgramLocalParametersI4ivNV successfully loaded (0x7f808b02e140)
opengl   D         extensions.c:294  load_extension                   [   0.13367] glProgramLocalParameterI4uiNV successfully loaded (0x7f808b02e0e0)
opengl   D         extensions.c:294  load_extension                   [   0.13367] glProgramLocalParameterI4uivNV successfully loaded (0x7f808b02e100)
opengl   D         extensions.c:294  load_extension                   [   0.13367] glProgramLocalParametersI4uivNV successfully loaded (0x7f808b02e160)
opengl   D         extensions.c:294  load_extension                   [   0.13367] glProgramEnvParameterI4iNV successfully loaded (0x7f808b02df40)
opengl   D         extensions.c:294  load_extension                   [   0.13367] glProgramEnvParameterI4ivNV successfully loaded (0x7f808b02df60)
opengl   D         extensions.c:294  load_extension                   [   0.13368] glProgramEnvParametersI4ivNV successfully loaded (0x7f808b02dfe0)
opengl   D         extensions.c:294  load_extension                   [   0.13368] glProgramEnvParameterI4uiNV successfully loaded (0x7f808b02df80)
opengl   D         extensions.c:294  load_extension                   [   0.13368] glProgramEnvParameterI4uivNV successfully loaded (0x7f808b02dfa0)
opengl   D         extensions.c:294  load_extension                   [   0.13368] glProgramEnvParametersI4uivNV successfully loaded (0x7f808b02e000)
opengl   D         extensions.c:294  load_extension                   [   0.13369] glGetProgramLocalParameterIivNV successfully loaded (0x7f808b026e20)
opengl   D         extensions.c:294  load_extension                   [   0.13369] glGetProgramLocalParameterIuivNV successfully loaded (0x7f808b026e40)
opengl   D         extensions.c:294  load_extension                   [   0.13369] glGetProgramEnvParameterIivNV successfully loaded (0x7f808b026d60)
opengl   D         extensions.c:294  load_extension                   [   0.13369] glGetProgramEnvParameterIuivNV successfully loaded (0x7f808b026d80)
opengl   D         extensions.c:294  load_extension                   [   0.13370] glProgramBufferParametersfvNV successfully loaded (0x7f808b02dea0)
opengl   D         extensions.c:294  load_extension                   [   0.13370] glProgramBufferParametersIivNV successfully loaded (0x7f808b02de60)
opengl   D         extensions.c:294  load_extension                   [   0.13370] glProgramBufferParametersIuivNV successfully loaded (0x7f808b02de80)
opengl   D         extensions.c:294  load_extension                   [   0.13370] glBindBufferRangeNV successfully loaded (0x7f808b01e780)
opengl   D         extensions.c:294  load_extension                   [   0.13371] glBindBufferOffsetNV successfully loaded (0x7f808b01e720)
opengl   D         extensions.c:294  load_extension                   [   0.13371] glBindBufferBaseNV successfully loaded (0x7f808b01e6e0)
opengl   D         extensions.c:294  load_extension                   [   0.13371] glTransformFeedbackAttribsNV successfully loaded (0x7f808b033560)
opengl   D         extensions.c:294  load_extension                   [   0.13371] glTransformFeedbackVaryingsNV successfully loaded (0x7f808b033620)
opengl   D         extensions.c:294  load_extension                   [   0.13371] glBeginTransformFeedbackNV successfully loaded (0x7f808b01e5a0)
opengl   D         extensions.c:294  load_extension                   [   0.13372] glEndTransformFeedbackNV successfully loaded (0x7f808b023440)
opengl   D         extensions.c:294  load_extension                   [   0.13372] glGetVaryingLocationNV successfully loaded (0x7f808b028260)
opengl   D         extensions.c:294  load_extension                   [   0.13372] glGetActiveVaryingNV successfully loaded (0x7f808b024d60)
opengl   D         extensions.c:294  load_extension                   [   0.13372] glActiveVaryingNV successfully loaded (0x7f808b01e120)
opengl   D         extensions.c:294  load_extension                   [   0.13373] glGetTransformFeedbackVaryingNV successfully loaded (0x7f808b027e80)
opengl   D         extensions.c:294  load_extension                   [   0.13373] glFrameTerminatorGREMEDY successfully loaded (0x7f808b024040)
opengl   D         extensions.c:294  load_extension                   [   0.13373] glBeginConditionalRenderNV successfully loaded (0x7f808b01e420)
opengl   D         extensions.c:294  load_extension                   [   0.13373] glEndConditionalRenderNV successfully loaded (0x7f808b023280)
opengl   D         extensions.c:294  load_extension                   [   0.13373] glBeginTransformFeedbackEXT successfully loaded (0x7f808b01e580)
opengl   D         extensions.c:294  load_extension                   [   0.13374] glEndTransformFeedbackEXT successfully loaded (0x7f808b023420)
opengl   D         extensions.c:294  load_extension                   [   0.13374] glBindBufferRangeEXT successfully loaded (0x7f808b01e760)
opengl   D         extensions.c:294  load_extension                   [   0.13374] glBindBufferOffsetEXT successfully loaded (0x7f808b01e700)
opengl   D         extensions.c:294  load_extension                   [   0.13374] glBindBufferBaseEXT successfully loaded (0x7f808b01e6c0)
opengl   D         extensions.c:294  load_extension                   [   0.13374] glTransformFeedbackVaryingsEXT successfully loaded (0x7f808b033600)
opengl   D         extensions.c:294  load_extension                   [   0.13375] glGetTransformFeedbackVaryingEXT successfully loaded (0x7f808b027e60)
opengl   D         extensions.c:294  load_extension                   [   0.13375] glClientAttribDefaultEXT successfully loaded (0x7f808b01fbe0)
opengl   D         extensions.c:294  load_extension                   [   0.13375] glPushClientAttribDefaultEXT successfully loaded (0x7f808b02f5a0)
opengl   D         extensions.c:294  load_extension                   [   0.13375] glMatrixLoadfEXT successfully loaded (0x7f808b02a9c0)
opengl   D         extensions.c:294  load_extension                   [   0.13375] glMatrixLoaddEXT successfully loaded (0x7f808b02a9a0)
opengl   D         extensions.c:294  load_extension                   [   0.13376] glMatrixMultfEXT successfully loaded (0x7f808b02aac0)
opengl   D         extensions.c:294  load_extension                   [   0.13376] glMatrixMultdEXT successfully loaded (0x7f808b02aaa0)
opengl   D         extensions.c:294  load_extension                   [   0.13376] glMatrixLoadIdentityEXT successfully loaded (0x7f808b02a920)
opengl   D         extensions.c:294  load_extension                   [   0.13377] glMatrixRotatefEXT successfully loaded (0x7f808b02ab60)
opengl   D         extensions.c:294  load_extension                   [   0.13377] glMatrixRotatedEXT successfully loaded (0x7f808b02ab40)
opengl   D         extensions.c:294  load_extension                   [   0.13377] glMatrixScalefEXT successfully loaded (0x7f808b02aba0)
opengl   D         extensions.c:294  load_extension                   [   0.13377] glMatrixScaledEXT successfully loaded (0x7f808b02ab80)
opengl   D         extensions.c:294  load_extension                   [   0.13377] glMatrixTranslatefEXT successfully loaded (0x7f808b02abe0)
opengl   D         extensions.c:294  load_extension                   [   0.13378] glMatrixTranslatedEXT successfully loaded (0x7f808b02abc0)
opengl   D         extensions.c:294  load_extension                   [   0.13378] glMatrixFrustumEXT successfully loaded (0x7f808b02a820)
opengl   D         extensions.c:294  load_extension                   [   0.13378] glMatrixOrthoEXT successfully loaded (0x7f808b02aae0)
opengl   D         extensions.c:294  load_extension                   [   0.13378] glMatrixPopEXT successfully loaded (0x7f808b02ab00)
opengl   D         extensions.c:294  load_extension                   [   0.13379] glMatrixPushEXT successfully loaded (0x7f808b02ab20)
opengl   D         extensions.c:294  load_extension                   [   0.13379] glMatrixLoadTransposefEXT successfully loaded (0x7f808b02a980)
opengl   D         extensions.c:294  load_extension                   [   0.13379] glMatrixLoadTransposedEXT successfully loaded (0x7f808b02a960)
opengl   D         extensions.c:294  load_extension                   [   0.13379] glMatrixMultTransposefEXT successfully loaded (0x7f808b02aa80)
opengl   D         extensions.c:294  load_extension                   [   0.13379] glMatrixMultTransposedEXT successfully loaded (0x7f808b02aa60)
opengl   D         extensions.c:294  load_extension                   [   0.13380] glTextureParameterfEXT successfully loaded (0x7f808b033100)
opengl   D         extensions.c:294  load_extension                   [   0.13380] glTextureParameterfvEXT successfully loaded (0x7f808b033140)
opengl   D         extensions.c:294  load_extension                   [   0.13381] glTextureParameteriEXT successfully loaded (0x7f808b033180)
opengl   D         extensions.c:294  load_extension                   [   0.13381] glTextureParameterivEXT successfully loaded (0x7f808b0331c0)
opengl   D         extensions.c:294  load_extension                   [   0.13381] glTextureImage1DEXT successfully loaded (0x7f808b032ee0)
opengl   D         extensions.c:294  load_extension                   [   0.13381] glTextureImage2DEXT successfully loaded (0x7f808b032f00)
opengl   D         extensions.c:294  load_extension                   [   0.13382] glTextureSubImage1DEXT successfully loaded (0x7f808b033440)
opengl   D         extensions.c:294  load_extension                   [   0.13382] glTextureSubImage2DEXT successfully loaded (0x7f808b033480)
opengl   D         extensions.c:294  load_extension                   [   0.13382] glCopyTextureImage1DEXT successfully loaded (0x7f808b0212e0)
opengl   D         extensions.c:294  load_extension                   [   0.13382] glCopyTextureImage2DEXT successfully loaded (0x7f808b021300)
opengl   D         extensions.c:294  load_extension                   [   0.13382] glCopyTextureSubImage1DEXT successfully loaded (0x7f808b021360)
opengl   D         extensions.c:294  load_extension                   [   0.13383] glCopyTextureSubImage2DEXT successfully loaded (0x7f808b0213a0)
opengl   D         extensions.c:294  load_extension                   [   0.13383] glGetTextureImageEXT successfully loaded (0x7f808b027c00)
opengl   D         extensions.c:294  load_extension                   [   0.13383] glGetTextureParameterfvEXT successfully loaded (0x7f808b027d40)
opengl   D         extensions.c:294  load_extension                   [   0.13383] glGetTextureParameterivEXT successfully loaded (0x7f808b027d80)
opengl   D         extensions.c:294  load_extension                   [   0.13384] glGetTextureLevelParameterfvEXT successfully loaded (0x7f808b027c40)
opengl   D         extensions.c:294  load_extension                   [   0.13384] glGetTextureLevelParameterivEXT successfully loaded (0x7f808b027c80)
opengl   D         extensions.c:294  load_extension                   [   0.13384] glTextureImage3DEXT successfully loaded (0x7f808b032f60)
opengl   D         extensions.c:294  load_extension                   [   0.13384] glTextureSubImage3DEXT successfully loaded (0x7f808b0334c0)
opengl   D         extensions.c:294  load_extension                   [   0.13385] glCopyTextureSubImage3DEXT successfully loaded (0x7f808b0213e0)
opengl   D         extensions.c:294  load_extension                   [   0.13385] glMultiTexParameterfEXT successfully loaded (0x7f808b02c100)
opengl   D         extensions.c:294  load_extension                   [   0.13385] glMultiTexParameterfvEXT successfully loaded (0x7f808b02c120)
opengl   D         extensions.c:294  load_extension                   [   0.13385] glMultiTexParameteriEXT successfully loaded (0x7f808b02c140)
opengl   D         extensions.c:294  load_extension                   [   0.13385] glMultiTexParameterivEXT successfully loaded (0x7f808b02c160)
opengl   D         extensions.c:294  load_extension                   [   0.13386] glMultiTexImage1DEXT successfully loaded (0x7f808b02c060)
opengl   D         extensions.c:294  load_extension                   [   0.13386] glMultiTexImage2DEXT successfully loaded (0x7f808b02c080)
opengl   D         extensions.c:294  load_extension                   [   0.13386] glMultiTexSubImage1DEXT successfully loaded (0x7f808b02c1a0)
opengl   D         extensions.c:294  load_extension                   [   0.13386] glMultiTexSubImage2DEXT successfully loaded (0x7f808b02c1c0)
opengl   D         extensions.c:294  load_extension                   [   0.13387] glCopyMultiTexImage1DEXT successfully loaded (0x7f808b021060)
opengl   D         extensions.c:294  load_extension                   [   0.13387] glCopyMultiTexImage2DEXT successfully loaded (0x7f808b021080)
opengl   D         extensions.c:294  load_extension                   [   0.13387] glCopyMultiTexSubImage1DEXT successfully loaded (0x7f808b0210a0)
opengl   D         extensions.c:294  load_extension                   [   0.13387] glCopyMultiTexSubImage2DEXT successfully loaded (0x7f808b0210c0)
opengl   D         extensions.c:294  load_extension                   [   0.13387] glGetMultiTexImageEXT successfully loaded (0x7f808b026260)
opengl   D         extensions.c:294  load_extension                   [   0.13388] glGetMultiTexParameterfvEXT successfully loaded (0x7f808b026300)
opengl   D         extensions.c:294  load_extension                   [   0.13388] glGetMultiTexParameterivEXT successfully loaded (0x7f808b026320)
opengl   D         extensions.c:294  load_extension                   [   0.13388] glGetMultiTexLevelParameterfvEXT successfully loaded (0x7f808b026280)
opengl   D         extensions.c:294  load_extension                   [   0.13390] glGetMultiTexLevelParameterivEXT successfully loaded (0x7f808b0262a0)
opengl   D         extensions.c:294  load_extension                   [   0.13390] glMultiTexImage3DEXT successfully loaded (0x7f808b02c0a0)
opengl   D         extensions.c:294  load_extension                   [   0.13390] glMultiTexSubImage3DEXT successfully loaded (0x7f808b02c1e0)
opengl   D         extensions.c:294  load_extension                   [   0.13391] glCopyMultiTexSubImage3DEXT successfully loaded (0x7f808b0210e0)
opengl   D         extensions.c:294  load_extension                   [   0.13391] glBindMultiTextureEXT successfully loaded (0x7f808b01e980)
opengl   D         extensions.c:294  load_extension                   [   0.13391] glEnableClientStateIndexedEXT successfully loaded (0x7f808b023060)
opengl   D         extensions.c:294  load_extension                   [   0.13391] glDisableClientStateIndexedEXT successfully loaded (0x7f808b0223a0)
opengl   D         extensions.c:294  load_extension                   [   0.13392] glMultiTexCoordPointerEXT successfully loaded (0x7f808b02bf00)
opengl   D         extensions.c:294  load_extension                   [   0.13392] glMultiTexEnvfEXT successfully loaded (0x7f808b02bf20)
opengl   D         extensions.c:294  load_extension                   [   0.13392] glMultiTexEnvfvEXT successfully loaded (0x7f808b02bf40)
opengl   D         extensions.c:294  load_extension                   [   0.13392] glMultiTexEnviEXT successfully loaded (0x7f808b02bf60)
opengl   D         extensions.c:294  load_extension                   [   0.13393] glMultiTexEnvivEXT successfully loaded (0x7f808b02bf80)
opengl   D         extensions.c:294  load_extension                   [   0.13393] glMultiTexGendEXT successfully loaded (0x7f808b02bfa0)
opengl   D         extensions.c:294  load_extension                   [   0.13393] glMultiTexGendvEXT successfully loaded (0x7f808b02bfc0)
opengl   D         extensions.c:294  load_extension                   [   0.13393] glMultiTexGenfEXT successfully loaded (0x7f808b02bfe0)
opengl   D         extensions.c:294  load_extension                   [   0.13393] glMultiTexGenfvEXT successfully loaded (0x7f808b02c000)
opengl   D         extensions.c:294  load_extension                   [   0.13394] glMultiTexGeniEXT successfully loaded (0x7f808b02c020)
opengl   D         extensions.c:294  load_extension                   [   0.13394] glMultiTexGenivEXT successfully loaded (0x7f808b02c040)
opengl   D         extensions.c:294  load_extension                   [   0.13394] glGetMultiTexEnvfvEXT successfully loaded (0x7f808b0261c0)
opengl   D         extensions.c:294  load_extension                   [   0.13394] glGetMultiTexEnvivEXT successfully loaded (0x7f808b0261e0)
opengl   D         extensions.c:294  load_extension                   [   0.13394] glGetMultiTexGendvEXT successfully loaded (0x7f808b026200)
opengl   D         extensions.c:294  load_extension                   [   0.13395] glGetMultiTexGenfvEXT successfully loaded (0x7f808b026220)
opengl   D         extensions.c:294  load_extension                   [   0.13395] glGetMultiTexGenivEXT successfully loaded (0x7f808b026240)
opengl   D         extensions.c:294  load_extension                   [   0.13395] glGetFloatIndexedvEXT successfully loaded (0x7f808b025680)
opengl   D         extensions.c:294  load_extension                   [   0.13395] glGetDoubleIndexedvEXT successfully loaded (0x7f808b0254e0)
opengl   D         extensions.c:294  load_extension                   [   0.13396] glGetPointerIndexedvEXT successfully loaded (0x7f808b026c40)
opengl   D         extensions.c:294  load_extension                   [   0.13396] glCompressedTextureImage3DEXT successfully loaded (0x7f808b020bc0)
opengl   D         extensions.c:294  load_extension                   [   0.13396] glCompressedTextureImage2DEXT successfully loaded (0x7f808b020ba0)
opengl   D         extensions.c:294  load_extension                   [   0.13396] glCompressedTextureImage1DEXT successfully loaded (0x7f808b020b80)
opengl   D         extensions.c:294  load_extension                   [   0.13397] glCompressedTextureSubImage3DEXT successfully loaded (0x7f808b020c80)
opengl   D         extensions.c:294  load_extension                   [   0.13397] glCompressedTextureSubImage2DEXT successfully loaded (0x7f808b020c40)
opengl   D         extensions.c:294  load_extension                   [   0.13397] glCompressedTextureSubImage1DEXT successfully loaded (0x7f808b020c00)
opengl   D         extensions.c:294  load_extension                   [   0.13397] glGetCompressedTextureImageEXT successfully loaded (0x7f808b0252e0)
opengl   D         extensions.c:294  load_extension                   [   0.13398] glCompressedMultiTexImage3DEXT successfully loaded (0x7f808b020900)
opengl   D         extensions.c:294  load_extension                   [   0.13398] glCompressedMultiTexImage2DEXT successfully loaded (0x7f808b0208e0)
opengl   D         extensions.c:294  load_extension                   [   0.13398] glCompressedMultiTexImage1DEXT successfully loaded (0x7f808b0208c0)
opengl   D         extensions.c:294  load_extension                   [   0.13398] glCompressedMultiTexSubImage3DEXT successfully loaded (0x7f808b020960)
opengl   D         extensions.c:294  load_extension                   [   0.13399] glCompressedMultiTexSubImage2DEXT successfully loaded (0x7f808b020940)
opengl   D         extensions.c:294  load_extension                   [   0.13399] glCompressedMultiTexSubImage1DEXT successfully loaded (0x7f808b020920)
opengl   D         extensions.c:294  load_extension                   [   0.13399] glGetCompressedMultiTexImageEXT successfully loaded (0x7f808b025240)
opengl   D         extensions.c:294  load_extension                   [   0.13399] glNamedProgramStringEXT successfully loaded (0x7f808b02c920)
opengl   D         extensions.c:294  load_extension                   [   0.13400] glNamedProgramLocalParameter4dEXT successfully loaded (0x7f808b02c7c0)
opengl   D         extensions.c:294  load_extension                   [   0.13400] glNamedProgramLocalParameter4dvEXT successfully loaded (0x7f808b02c7e0)
opengl   D         extensions.c:294  load_extension                   [   0.13402] glNamedProgramLocalParameter4fEXT successfully loaded (0x7f808b02c800)
opengl   D         extensions.c:294  load_extension                   [   0.13402] glNamedProgramLocalParameter4fvEXT successfully loaded (0x7f808b02c820)
opengl   D         extensions.c:294  load_extension                   [   0.13402] glGetNamedProgramLocalParameterdvEXT successfully loaded (0x7f808b026580)
opengl   D         extensions.c:294  load_extension                   [   0.13402] glGetNamedProgramLocalParameterfvEXT successfully loaded (0x7f808b0265a0)
opengl   D         extensions.c:294  load_extension                   [   0.13403] glGetNamedProgramivEXT successfully loaded (0x7f808b0265e0)
opengl   D         extensions.c:294  load_extension                   [   0.13403] glGetNamedProgramStringEXT successfully loaded (0x7f808b0265c0)
opengl   D         extensions.c:294  load_extension                   [   0.13403] glNamedProgramLocalParameters4fvEXT successfully loaded (0x7f808b02c8c0)
opengl   D         extensions.c:294  load_extension                   [   0.13403] glNamedProgramLocalParameterI4iEXT successfully loaded (0x7f808b02c840)
opengl   D         extensions.c:294  load_extension                   [   0.13404] glNamedProgramLocalParameterI4ivEXT successfully loaded (0x7f808b02c860)
opengl   D         extensions.c:294  load_extension                   [   0.13404] glNamedProgramLocalParametersI4ivEXT successfully loaded (0x7f808b02c8e0)
opengl   D         extensions.c:294  load_extension                   [   0.13404] glNamedProgramLocalParameterI4uiEXT successfully loaded (0x7f808b02c880)
opengl   D         extensions.c:294  load_extension                   [   0.13404] glNamedProgramLocalParameterI4uivEXT successfully loaded (0x7f808b02c8a0)
opengl   D         extensions.c:294  load_extension                   [   0.13404] glNamedProgramLocalParametersI4uivEXT successfully loaded (0x7f808b02c900)
opengl   D         extensions.c:294  load_extension                   [   0.13405] glGetNamedProgramLocalParameterIivEXT successfully loaded (0x7f808b026540)
opengl   D         extensions.c:294  load_extension                   [   0.13405] glGetNamedProgramLocalParameterIuivEXT successfully loaded (0x7f808b026560)
opengl   D         extensions.c:294  load_extension                   [   0.13405] glTextureParameterIivEXT successfully loaded (0x7f808b033080)
opengl   D         extensions.c:294  load_extension                   [   0.13405] glTextureParameterIuivEXT successfully loaded (0x7f808b0330c0)
opengl   D         extensions.c:294  load_extension                   [   0.13406] glGetTextureParameterIivEXT successfully loaded (0x7f808b027cc0)
opengl   D         extensions.c:294  load_extension                   [   0.13406] glGetTextureParameterIuivEXT successfully loaded (0x7f808b027d00)
opengl   D         extensions.c:294  load_extension                   [   0.13406] glMultiTexParameterIivEXT successfully loaded (0x7f808b02c0c0)
opengl   D         extensions.c:294  load_extension                   [   0.13407] glMultiTexParameterIuivEXT successfully loaded (0x7f808b02c0e0)
opengl   D         extensions.c:294  load_extension                   [   0.13407] glGetMultiTexParameterIivEXT successfully loaded (0x7f808b0262c0)
opengl   D         extensions.c:294  load_extension                   [   0.13407] glGetMultiTexParameterIuivEXT successfully loaded (0x7f808b0262e0)
opengl   D         extensions.c:294  load_extension                   [   0.13407] glProgramUniform1fEXT successfully loaded (0x7f808b02e420)
opengl   D         extensions.c:294  load_extension                   [   0.13408] glProgramUniform2fEXT successfully loaded (0x7f808b02e720)
opengl   D         extensions.c:294  load_extension                   [   0.13408] glProgramUniform3fEXT successfully loaded (0x7f808b02ea20)
opengl   D         extensions.c:294  load_extension                   [   0.13408] glProgramUniform4fEXT successfully loaded (0x7f808b02ed20)
opengl   D         extensions.c:294  load_extension                   [   0.13408] glProgramUniform1iEXT successfully loaded (0x7f808b02e520)
opengl   D         extensions.c:294  load_extension                   [   0.13408] glProgramUniform2iEXT successfully loaded (0x7f808b02e820)
opengl   D         extensions.c:294  load_extension                   [   0.13409] glProgramUniform3iEXT successfully loaded (0x7f808b02eb20)
opengl   D         extensions.c:294  load_extension                   [   0.13409] glProgramUniform4iEXT successfully loaded (0x7f808b02ee20)
opengl   D         extensions.c:294  load_extension                   [   0.13409] glProgramUniform1fvEXT successfully loaded (0x7f808b02e460)
opengl   D         extensions.c:294  load_extension                   [   0.13409] glProgramUniform2fvEXT successfully loaded (0x7f808b02e760)
opengl   D         extensions.c:294  load_extension                   [   0.13409] glProgramUniform3fvEXT successfully loaded (0x7f808b02ea60)
opengl   D         extensions.c:294  load_extension                   [   0.13410] glProgramUniform4fvEXT successfully loaded (0x7f808b02ed60)
opengl   D         extensions.c:294  load_extension                   [   0.13410] glProgramUniform1ivEXT successfully loaded (0x7f808b02e560)
opengl   D         extensions.c:294  load_extension                   [   0.13410] glProgramUniform2ivEXT successfully loaded (0x7f808b02e860)
opengl   D         extensions.c:294  load_extension                   [   0.13410] glProgramUniform3ivEXT successfully loaded (0x7f808b02eb60)
opengl   D         extensions.c:294  load_extension                   [   0.13411] glProgramUniform4ivEXT successfully loaded (0x7f808b02ee60)
opengl   D         extensions.c:294  load_extension                   [   0.13411] glProgramUniformMatrix2fvEXT successfully loaded (0x7f808b02f0a0)
opengl   D         extensions.c:294  load_extension                   [   0.13411] glProgramUniformMatrix3fvEXT successfully loaded (0x7f808b02f220)
opengl   D         extensions.c:294  load_extension                   [   0.13411] glProgramUniformMatrix4fvEXT successfully loaded (0x7f808b02f3a0)
opengl   D         extensions.c:294  load_extension                   [   0.13411] glProgramUniformMatrix2x3fvEXT successfully loaded (0x7f808b02f120)
opengl   D         extensions.c:294  load_extension                   [   0.13412] glProgramUniformMatrix3x2fvEXT successfully loaded (0x7f808b02f2a0)
opengl   D         extensions.c:294  load_extension                   [   0.13412] glProgramUniformMatrix2x4fvEXT successfully loaded (0x7f808b02f1a0)
opengl   D         extensions.c:294  load_extension                   [   0.13412] glProgramUniformMatrix4x2fvEXT successfully loaded (0x7f808b02f420)
opengl   D         extensions.c:294  load_extension                   [   0.13413] glProgramUniformMatrix3x4fvEXT successfully loaded (0x7f808b02f320)
opengl   D         extensions.c:294  load_extension                   [   0.13413] glProgramUniformMatrix4x3fvEXT successfully loaded (0x7f808b02f4a0)
opengl   D         extensions.c:294  load_extension                   [   0.13413] glProgramUniform1uiEXT successfully loaded (0x7f808b02e620)
opengl   D         extensions.c:294  load_extension                   [   0.13413] glProgramUniform2uiEXT successfully loaded (0x7f808b02e920)
opengl   D         extensions.c:294  load_extension                   [   0.13413] glProgramUniform3uiEXT successfully loaded (0x7f808b02ec20)
opengl   D         extensions.c:294  load_extension                   [   0.13414] glProgramUniform4uiEXT successfully loaded (0x7f808b02ef20)
opengl   D         extensions.c:294  load_extension                   [   0.13414] glProgramUniform1uivEXT successfully loaded (0x7f808b02e660)
opengl   D         extensions.c:294  load_extension                   [   0.13414] glProgramUniform2uivEXT successfully loaded (0x7f808b02e960)
opengl   D         extensions.c:294  load_extension                   [   0.13414] glProgramUniform3uivEXT successfully loaded (0x7f808b02ec60)
opengl   D         extensions.c:294  load_extension                   [   0.13415] glProgramUniform4uivEXT successfully loaded (0x7f808b02ef60)
opengl   D         extensions.c:294  load_extension                   [   0.13415] glNamedBufferDataEXT successfully loaded (0x7f808b02c420)
opengl   D         extensions.c:294  load_extension                   [   0.13415] glNamedBufferSubDataEXT successfully loaded (0x7f808b02c540)
opengl   D         extensions.c:294  load_extension                   [   0.13415] glMapNamedBufferEXT successfully loaded (0x7f808b02a5c0)
opengl   D         extensions.c:294  load_extension                   [   0.13416] glUnmapNamedBufferEXT successfully loaded (0x7f808b034740)
opengl   D         extensions.c:294  load_extension                   [   0.13416] glGetNamedBufferParameterivEXT successfully loaded (0x7f808b0263e0)
opengl   D         extensions.c:294  load_extension                   [   0.13416] glGetNamedBufferPointervEXT successfully loaded (0x7f808b026440)
opengl   D         extensions.c:294  load_extension                   [   0.13416] glGetNamedBufferSubDataEXT successfully loaded (0x7f808b026480)
opengl   D         extensions.c:294  load_extension                   [   0.13416] glTextureBufferEXT successfully loaded (0x7f808b032e40)
opengl   D         extensions.c:294  load_extension                   [   0.13417] glMultiTexBufferEXT successfully loaded (0x7f808b02b1e0)
opengl   D         extensions.c:294  load_extension                   [   0.13417] glNamedRenderbufferStorageEXT successfully loaded (0x7f808b02c960)
opengl   D         extensions.c:294  load_extension                   [   0.13417] glGetNamedRenderbufferParameterivEXT successfully loaded (0x7f808b026620)
opengl   D         extensions.c:294  load_extension                   [   0.13417] glCheckNamedFramebufferStatusEXT successfully loaded (0x7f808b01f6c0)
opengl   D         extensions.c:294  load_extension                   [   0.13417] glNamedFramebufferTexture1DEXT successfully loaded (0x7f808b02c6e0)
opengl   D         extensions.c:294  load_extension                   [   0.13418] glNamedFramebufferTexture2DEXT successfully loaded (0x7f808b02c700)
opengl   D         extensions.c:294  load_extension                   [   0.13418] glNamedFramebufferTexture3DEXT successfully loaded (0x7f808b02c720)
opengl   D         extensions.c:294  load_extension                   [   0.13418] glNamedFramebufferRenderbufferEXT successfully loaded (0x7f808b02c640)
opengl   D         extensions.c:294  load_extension                   [   0.13418] glGetNamedFramebufferAttachmentParameterivEXT successfully loaded (0x7f808b0264c0)
opengl   D         extensions.c:294  load_extension                   [   0.13419] glGenerateTextureMipmapEXT successfully loaded (0x7f808b024bc0)
opengl   D         extensions.c:294  load_extension                   [   0.13419] glGenerateMultiTexMipmapEXT successfully loaded (0x7f808b024b80)
opengl   D         extensions.c:294  load_extension                   [   0.13419] glFramebufferDrawBufferEXT successfully loaded (0x7f808b024080)
opengl   D         extensions.c:294  load_extension                   [   0.13419] glFramebufferDrawBuffersEXT successfully loaded (0x7f808b0240a0)
opengl   D         extensions.c:294  load_extension                   [   0.13420] glFramebufferReadBufferEXT successfully loaded (0x7f808b0241a0)
opengl   D         extensions.c:294  load_extension                   [   0.13420] glGetFramebufferParameterivEXT successfully loaded (0x7f808b025920)
opengl   D         extensions.c:294  load_extension                   [   0.13420] glNamedRenderbufferStorageMultisampleEXT successfully loaded (0x7f808b02c9e0)
opengl   D         extensions.c:294  load_extension                   [   0.13420] glNamedRenderbufferStorageMultisampleCoverageEXT successfully loaded (0x7f808b02c9c0)
opengl   D         extensions.c:294  load_extension                   [   0.13421] glNamedFramebufferTextureEXT successfully loaded (0x7f808b02c740)
opengl   D         extensions.c:294  load_extension                   [   0.13421] glNamedFramebufferTextureLayerEXT successfully loaded (0x7f808b02c7a0)
opengl   D         extensions.c:294  load_extension                   [   0.13421] glNamedFramebufferTextureFaceEXT successfully loaded (0x7f808b02c760)
opengl   D         extensions.c:294  load_extension                   [   0.13421] glTextureRenderbufferEXT successfully loaded (0x7f808b033200)
opengl   D         extensions.c:294  load_extension                   [   0.13421] glMultiTexRenderbufferEXT successfully loaded (0x7f808b02c180)
opengl   D         extensions.c:294  load_extension                   [   0.13422] glGetMultisamplefvNV successfully loaded (0x7f808b026360)
opengl   D         extensions.c:294  load_extension                   [   0.13422] glSampleMaskIndexedNV successfully loaded (0x7f808b030540)
opengl   D         extensions.c:294  load_extension                   [   0.13422] glTexRenderbufferNV successfully loaded (0x7f808b032a60)
opengl   D         extensions.c:294  load_extension                   [   0.13422] glBindTransformFeedbackNV successfully loaded (0x7f808b01ec00)
opengl   D         extensions.c:294  load_extension                   [   0.13423] glDeleteTransformFeedbacksNV successfully loaded (0x7f808b021fe0)
opengl   D         extensions.c:294  load_extension                   [   0.13423] glGenTransformFeedbacksNV successfully loaded (0x7f808b024a80)
opengl   D         extensions.c:294  load_extension                   [   0.13423] glIsTransformFeedbackNV successfully loaded (0x7f808b029ae0)
opengl   D         extensions.c:294  load_extension                   [   0.13423] glPauseTransformFeedbackNV successfully loaded (0x7f808b02d4a0)
opengl   D         extensions.c:294  load_extension                   [   0.13424] glResumeTransformFeedbackNV successfully loaded (0x7f808b0303e0)
opengl   D         extensions.c:294  load_extension                   [   0.13424] glDrawTransformFeedbackNV successfully loaded (0x7f808b022e20)
opengl   D         extensions.c:294  load_extension                   [   0.13424] glGetPerfMonitorGroupsAMD successfully loaded (0x7f808b026ac0)
opengl   D         extensions.c:294  load_extension                   [   0.13424] glGetPerfMonitorCountersAMD successfully loaded (0x7f808b026a80)
opengl   D         extensions.c:294  load_extension                   [   0.13425] glGetPerfMonitorGroupStringAMD successfully loaded (0x7f808b026aa0)
opengl   D         extensions.c:294  load_extension                   [   0.13425] glGetPerfMonitorCounterStringAMD successfully loaded (0x7f808b026a60)
opengl   D         extensions.c:294  load_extension                   [   0.13425] glGetPerfMonitorCounterInfoAMD successfully loaded (0x7f808b026a40)
opengl   D         extensions.c:294  load_extension                   [   0.13425] glGenPerfMonitorsAMD successfully loaded (0x7f808b024820)
opengl   D         extensions.c:294  load_extension                   [   0.13426] glDeletePerfMonitorsAMD successfully loaded (0x7f808b021ce0)
opengl   D         extensions.c:294  load_extension                   [   0.13426] glSelectPerfMonitorCountersAMD successfully loaded (0x7f808b030e40)
opengl   D         extensions.c:294  load_extension                   [   0.13426] glBeginPerfMonitorAMD successfully loaded (0x7f808b01e4a0)
opengl   D         extensions.c:294  load_extension                   [   0.13426] glEndPerfMonitorAMD successfully loaded (0x7f808b023320)
opengl   D         extensions.c:294  load_extension                   [   0.13427] glGetPerfMonitorCounterDataAMD successfully loaded (0x7f808b026a20)
opengl   D         extensions.c:294  load_extension                   [   0.13427] glTessellationFactorAMD successfully loaded (0x7f808b0317c0)
opengl   D         extensions.c:294  load_extension                   [   0.13427] glTessellationModeAMD successfully loaded (0x7f808b0317e0)
opengl   D         extensions.c:294  load_extension                   [   0.13427] glProvokingVertexEXT successfully loaded (0x7f808b02f540)
opengl   D         extensions.c:294  load_extension                   [   0.13428] glBlendFuncIndexedAMD successfully loaded (0x7f808b01f1a0)
opengl   D         extensions.c:294  load_extension                   [   0.13428] glBlendFuncSeparateIndexedAMD successfully loaded (0x7f808b01f220)
opengl   D         extensions.c:294  load_extension                   [   0.13428] glBlendEquationIndexedAMD successfully loaded (0x7f808b01efc0)
opengl   D         extensions.c:294  load_extension                   [   0.13428] glBlendEquationSeparateIndexedAMD successfully loaded (0x7f808b01f040)
opengl   D         extensions.c:294  load_extension                   [   0.13428] glTextureRangeAPPLE successfully loaded (0x7f808b0331e0)
opengl   D         extensions.c:294  load_extension                   [   0.13429] glGetTexParameterPointervAPPLE successfully loaded (0x7f808b027ae0)
opengl   D         extensions.c:294  load_extension                   [   0.13429] glEnableVertexAttribAPPLE successfully loaded (0x7f808b023160)
opengl   D         extensions.c:294  load_extension                   [   0.13429] glDisableVertexAttribAPPLE successfully loaded (0x7f808b0224a0)
opengl   D         extensions.c:294  load_extension                   [   0.13429] glIsVertexAttribEnabledAPPLE successfully loaded (0x7f808b029b80)
opengl   D         extensions.c:294  load_extension                   [   0.13430] glMapVertexAttrib1dAPPLE successfully loaded (0x7f808b02a6a0)
opengl   D         extensions.c:294  load_extension                   [   0.13430] glMapVertexAttrib1fAPPLE successfully loaded (0x7f808b02a6c0)
opengl   D         extensions.c:294  load_extension                   [   0.13430] glMapVertexAttrib2dAPPLE successfully loaded (0x7f808b02a6e0)
opengl   D         extensions.c:294  load_extension                   [   0.13430] glMapVertexAttrib2fAPPLE successfully loaded (0x7f808b02a700)
opengl   D         extensions.c:294  load_extension                   [   0.13430] glObjectPurgeableAPPLE successfully loaded (0x7f808b02cf60)
opengl   D         extensions.c:294  load_extension                   [   0.13431] glObjectUnpurgeableAPPLE successfully loaded (0x7f808b02cf80)
opengl   D         extensions.c:294  load_extension                   [   0.13431] glGetObjectParameterivAPPLE successfully loaded (0x7f808b026780)
opengl   D         extensions.c:294  load_extension                   [   0.13431] glBeginVideoCaptureNV successfully loaded (0x7f808b01e5e0)
opengl   D         extensions.c:294  load_extension                   [   0.13431] glBindVideoCaptureStreamBufferNV successfully loaded (0x7f808b01ece0)
opengl   D         extensions.c:294  load_extension                   [   0.13432] glBindVideoCaptureStreamTextureNV successfully loaded (0x7f808b01ed00)
opengl   D         extensions.c:294  load_extension                   [   0.13432] glEndVideoCaptureNV successfully loaded (0x7f808b023480)
opengl   D         extensions.c:294  load_extension                   [   0.13432] glGetVideoCaptureivNV successfully loaded (0x7f808b0286c0)
opengl   D         extensions.c:294  load_extension                   [   0.13433] glGetVideoCaptureStreamivNV successfully loaded (0x7f808b0286a0)
opengl   D         extensions.c:294  load_extension                   [   0.13433] glGetVideoCaptureStreamfvNV successfully loaded (0x7f808b028680)
opengl   D         extensions.c:294  load_extension                   [   0.13433] glGetVideoCaptureStreamdvNV successfully loaded (0x7f808b028660)
opengl   D         extensions.c:294  load_extension                   [   0.13433] glVideoCaptureNV successfully loaded (0x7f808b037780)
opengl   D         extensions.c:294  load_extension                   [   0.13433] glVideoCaptureStreamParameterivNV successfully loaded (0x7f808b0377e0)
opengl   D         extensions.c:294  load_extension                   [   0.13434] glVideoCaptureStreamParameterfvNV successfully loaded (0x7f808b0377c0)
opengl   D         extensions.c:294  load_extension                   [   0.13434] glVideoCaptureStreamParameterdvNV successfully loaded (0x7f808b0377a0)
opengl   D         extensions.c:294  load_extension                   [   0.13434] glUseShaderProgramEXT successfully loaded (0x7f808b034860)
opengl   D         extensions.c:294  load_extension                   [   0.13434] glActiveProgramEXT successfully loaded (0x7f808b01e060)
opengl   D         extensions.c:294  load_extension                   [   0.13435] glCreateShaderProgramEXT successfully loaded (0x7f808b0216e0)
opengl   D         extensions.c:294  load_extension                   [   0.13435] glMakeBufferResidentNV successfully loaded (0x7f808b02a200)
opengl   D         extensions.c:294  load_extension                   [   0.13435] glMakeBufferNonResidentNV successfully loaded (0x7f808b02a1e0)
opengl   D         extensions.c:294  load_extension                   [   0.13435] glIsBufferResidentNV successfully loaded (0x7f808b0294e0)
opengl   D         extensions.c:294  load_extension                   [   0.13435] glMakeNamedBufferResidentNV successfully loaded (0x7f808b02a2c0)
opengl   D         extensions.c:294  load_extension                   [   0.13436] glMakeNamedBufferNonResidentNV successfully loaded (0x7f808b02a2a0)
opengl   D         extensions.c:294  load_extension                   [   0.13436] glIsNamedBufferResidentNV successfully loaded (0x7f808b029720)
opengl   D         extensions.c:294  load_extension                   [   0.13436] glGetBufferParameterui64vNV successfully loaded (0x7f808b024f00)
opengl   D         extensions.c:294  load_extension                   [   0.13436] glGetNamedBufferParameterui64vNV successfully loaded (0x7f808b026400)
opengl   D         extensions.c:294  load_extension                   [   0.13437] glGetIntegerui64vNV successfully loaded (0x7f808b025cc0)
opengl   D         extensions.c:294  load_extension                   [   0.13437] glUniformui64NV successfully loaded (0x7f808b034660)
opengl   D         extensions.c:294  load_extension                   [   0.13437] glUniformui64vNV successfully loaded (0x7f808b034680)
opengl   D         extensions.c:294  load_extension                   [   0.13437] glGetUniformui64vNV successfully loaded (0x7f808b028100)
opengl   D         extensions.c:294  load_extension                   [   0.13437] glProgramUniformui64NV successfully loaded (0x7f808b02f4c0)
opengl   D         extensions.c:294  load_extension                   [   0.13438] glProgramUniformui64vNV successfully loaded (0x7f808b02f4e0)
opengl   D         extensions.c:294  load_extension                   [   0.13438] glBufferAddressRangeNV successfully loaded (0x7f808b01f420)
opengl   D         extensions.c:294  load_extension                   [   0.13438] glVertexFormatNV successfully loaded (0x7f808b037180)
opengl   D         extensions.c:294  load_extension                   [   0.13439] glNormalFormatNV successfully loaded (0x7f808b02cc80)
opengl   D         extensions.c:294  load_extension                   [   0.13439] glColorFormatNV successfully loaded (0x7f808b0203e0)
opengl   D         extensions.c:294  load_extension                   [   0.13439] glIndexFormatNV successfully loaded (0x7f808b029060)
opengl   D         extensions.c:294  load_extension                   [   0.13439] glTexCoordFormatNV successfully loaded (0x7f808b032260)
opengl   D         extensions.c:294  load_extension                   [   0.13440] glEdgeFlagFormatNV successfully loaded (0x7f808b022f40)
opengl   D         extensions.c:294  load_extension                   [   0.13440] glSecondaryColorFormatNV successfully loaded (0x7f808b030d60)
opengl   D         extensions.c:294  load_extension                   [   0.13440] glFogCoordFormatNV successfully loaded (0x7f808b023ba0)
opengl   D         extensions.c:294  load_extension                   [   0.13440] glVertexAttribFormatNV successfully loaded (0x7f808b036300)
opengl   D         extensions.c:294  load_extension                   [   0.13441] glVertexAttribIFormatNV successfully loaded (0x7f808b036840)
opengl   D         extensions.c:294  load_extension                   [   0.13441] glGetIntegerui64i_vNV successfully loaded (0x7f808b025ca0)
opengl   D         extensions.c:294  load_extension                   [   0.13441] glTextureBarrierNV successfully loaded (0x7f808b032e00)
opengl   D         extensions.c:294  load_extension                   [   0.13441] glXCreateContextAttribsARB successfully loaded (0x7f808b0fdcc0)
opengl   D         extensions.c:294  load_extension                   [   0.13442] glXSwapIntervalSGI successfully loaded (0x7f808b104540)
opengl   D         extensions.c:294  load_extension                   [   0.13442] glXGetVideoSyncSGI successfully loaded (0x7f808b104550)
opengl   D         extensions.c:294  load_extension                   [   0.13442] glXWaitVideoSyncSGI successfully loaded (0x7f808b104560)
opengl   D         extensions.c:294  load_extension                   [   0.13443] glXMakeCurrentReadSGI successfully loaded (0x7f808b104570)
opengl   D         extensions.c:294  load_extension                   [   0.13443] glXGetCurrentReadDrawableSGI successfully loaded (0x7f808b104580)
opengl   D         extensions.c:294  load_extension                   [   0.13443] glXGetCurrentDisplayEXT successfully loaded (0x7f808b104590)
opengl   D         extensions.c:294  load_extension                   [   0.13444] glXQueryContextInfoEXT successfully loaded (0x7f808b1045a0)
opengl   D         extensions.c:294  load_extension                   [   0.13444] glXGetContextIDEXT successfully loaded (0x7f808b1045b0)
opengl   D         extensions.c:294  load_extension                   [   0.13444] glXImportContextEXT successfully loaded (0x7f808b0fe6e0)
opengl   D         extensions.c:294  load_extension                   [   0.13444] glXFreeContextEXT successfully loaded (0x7f808b0feec0)
opengl   D         extensions.c:294  load_extension                   [   0.13444] glXGetFBConfigAttribSGIX successfully loaded (0x7f808b1045c0)
opengl   D         extensions.c:294  load_extension                   [   0.13445] glXChooseFBConfigSGIX successfully loaded (0x7f808b1045d0)
opengl   D         extensions.c:294  load_extension                   [   0.13445] glXCreateGLXPixmapWithConfigSGIX successfully loaded (0x7f808b1045e0)
opengl   D         extensions.c:294  load_extension                   [   0.13445] glXCreateContextWithConfigSGIX successfully loaded (0x7f808b1045f0)
opengl   D         extensions.c:294  load_extension                   [   0.13446] glXGetVisualFromFBConfigSGIX successfully loaded (0x7f808b104600)
opengl   D         extensions.c:294  load_extension                   [   0.13446] glXGetFBConfigFromVisualSGIX successfully loaded (0x7f808b104610)
opengl   D         extensions.c:294  load_extension                   [   0.13446] glXCreateGLXPbufferSGIX successfully loaded (0x7f808b104620)
opengl   D         extensions.c:294  load_extension                   [   0.13447] glXDestroyGLXPbufferSGIX successfully loaded (0x7f808b104630)
opengl   D         extensions.c:294  load_extension                   [   0.13447] glXQueryGLXPbufferSGIX successfully loaded (0x7f808b104640)
opengl   D         extensions.c:294  load_extension                   [   0.13447] glXSelectEventSGIX successfully loaded (0x7f808b104650)
opengl   D         extensions.c:294  load_extension                   [   0.13448] glXGetSelectedEventSGIX successfully loaded (0x7f808b104660)
opengl   D         extensions.c:294  load_extension                   [   0.13448] glXCushionSGI successfully loaded (0x7f808b104670)
opengl   D         extensions.c:294  load_extension                   [   0.13448] glXBindChannelToWindowSGIX successfully loaded (0x7f808b104680)
opengl   D         extensions.c:294  load_extension                   [   0.13449] glXChannelRectSGIX successfully loaded (0x7f808b104690)
opengl   D         extensions.c:294  load_extension                   [   0.13449] glXQueryChannelRectSGIX successfully loaded (0x7f808b1046a0)
opengl   D         extensions.c:294  load_extension                   [   0.13449] glXQueryChannelDeltasSGIX successfully loaded (0x7f808b1046b0)
opengl   D         extensions.c:294  load_extension                   [   0.13449] glXChannelRectSyncSGIX successfully loaded (0x7f808b1046c0)
opengl   D         extensions.c:294  load_extension                   [   0.13450] glXJoinSwapGroupSGIX successfully loaded (0x7f808b1046d0)
opengl   D         extensions.c:294  load_extension                   [   0.13450] glXBindSwapBarrierSGIX successfully loaded (0x7f808b1046e0)
opengl   D         extensions.c:294  load_extension                   [   0.13450] glXQueryMaxSwapBarriersSGIX successfully loaded (0x7f808b1046f0)
opengl   D         extensions.c:294  load_extension                   [   0.13451] glXGetTransparentIndexSUN successfully loaded (0x7f808b104700)
opengl   D         extensions.c:294  load_extension                   [   0.13451] glXCopySubBufferMESA successfully loaded (0x7f808b104710)
opengl   D         extensions.c:294  load_extension                   [   0.13451] glXCreateGLXPixmapMESA successfully loaded (0x7f808b104720)
opengl   D         extensions.c:294  load_extension                   [   0.13452] glXReleaseBuffersMESA successfully loaded (0x7f808b104730)
opengl   D         extensions.c:294  load_extension                   [   0.13452] glXSet3DfxModeMESA successfully loaded (0x7f808b104740)
opengl   D         extensions.c:294  load_extension                   [   0.13452] glXGetSyncValuesOML successfully loaded (0x7f808b104750)
opengl   D         extensions.c:294  load_extension                   [   0.13452] glXGetMscRateOML successfully loaded (0x7f808b104760)
opengl   D         extensions.c:294  load_extension                   [   0.13453] glXSwapBuffersMscOML successfully loaded (0x7f808b104770)
opengl   D         extensions.c:294  load_extension                   [   0.13453] glXWaitForMscOML successfully loaded (0x7f808b104780)
opengl   D         extensions.c:294  load_extension                   [   0.13453] glXWaitForSbcOML successfully loaded (0x7f808b104790)
opengl   D         extensions.c:294  load_extension                   [   0.13454] glXQueryHyperpipeNetworkSGIX successfully loaded (0x7f808b1047a0)
opengl   D         extensions.c:294  load_extension                   [   0.13454] glXHyperpipeConfigSGIX successfully loaded (0x7f808b1047b0)
opengl   D         extensions.c:294  load_extension                   [   0.13454] glXQueryHyperpipeConfigSGIX successfully loaded (0x7f808b1047c0)
opengl   D         extensions.c:294  load_extension                   [   0.13454] glXDestroyHyperpipeConfigSGIX successfully loaded (0x7f808b1047d0)
opengl   D         extensions.c:294  load_extension                   [   0.13455] glXBindHyperpipeSGIX successfully loaded (0x7f808b1047e0)
opengl   D         extensions.c:294  load_extension                   [   0.13455] glXQueryHyperpipeBestAttribSGIX successfully loaded (0x7f808b1047f0)
opengl   D         extensions.c:294  load_extension                   [   0.13456] glXHyperpipeAttribSGIX successfully loaded (0x7f808b104800)
opengl   D         extensions.c:294  load_extension                   [   0.13456] glXQueryHyperpipeAttribSGIX successfully loaded (0x7f808b104810)
opengl   D         extensions.c:294  load_extension                   [   0.13456] glXGetAGPOffsetMESA successfully loaded (0x7f808b104820)
opengl   D         extensions.c:294  load_extension                   [   0.13457] glXGetVideoDeviceNV successfully loaded (0x7f808b104830)
opengl   D         extensions.c:294  load_extension                   [   0.13457] glXReleaseVideoDeviceNV successfully loaded (0x7f808b104840)
opengl   D         extensions.c:294  load_extension                   [   0.13457] glXBindVideoImageNV successfully loaded (0x7f808b104850)
opengl   D         extensions.c:294  load_extension                   [   0.13458] glXReleaseVideoImageNV successfully loaded (0x7f808b104860)
opengl   D         extensions.c:294  load_extension                   [   0.13458] glXSendPbufferToVideoNV successfully loaded (0x7f808b104870)
opengl   D         extensions.c:294  load_extension                   [   0.13458] glXGetVideoInfoNV successfully loaded (0x7f808b104880)
opengl   D         extensions.c:294  load_extension                   [   0.13459] glXJoinSwapGroupNV successfully loaded (0x7f808b104890)
opengl   D         extensions.c:294  load_extension                   [   0.13459] glXBindSwapBarrierNV successfully loaded (0x7f808b1048a0)
opengl   D         extensions.c:294  load_extension                   [   0.13459] glXQuerySwapGroupNV successfully loaded (0x7f808b1048b0)
opengl   D         extensions.c:294  load_extension                   [   0.13460] glXQueryMaxSwapGroupsNV successfully loaded (0x7f808b1048c0)
opengl   D         extensions.c:294  load_extension                   [   0.13460] glXQueryFrameCountNV successfully loaded (0x7f808b1048d0)
opengl   D         extensions.c:294  load_extension                   [   0.13460] glXResetFrameCountNV successfully loaded (0x7f808b1048e0)
opengl   D         extensions.c:294  load_extension                   [   0.13461] glXBindVideoCaptureDeviceNV successfully loaded (0x7f808b1048f0)
opengl   D         extensions.c:294  load_extension                   [   0.13461] glXEnumerateVideoCaptureDevicesNV successfully loaded (0x7f808b104900)
opengl   D         extensions.c:294  load_extension                   [   0.13461] glXLockVideoCaptureDeviceNV successfully loaded (0x7f808b104910)
opengl   D         extensions.c:294  load_extension                   [   0.13462] glXQueryVideoCaptureDeviceNV successfully loaded (0x7f808b104920)
opengl   D         extensions.c:294  load_extension                   [   0.13462] glXReleaseVideoCaptureDeviceNV successfully loaded (0x7f808b104930)
opengl   D         extensions.c:294  load_extension                   [   0.13462] glXSwapIntervalEXT successfully loaded (0x7f808b104940)
opengl   D         extensions.c:294  load_extension                   [   0.13463] glXCopyImageSubDataNV successfully loaded (0x7f808b104950)
opengl   D         extensions.c:795  _al_ogl_manage_extensions        [   0.13463] OpenGL Extensions:
opengl   D         extensions.c:207  print_extensions_3_0             [   0.13464] GL_3DFX_texture_compression_FXT1
opengl   D         extensions.c:207  print_extensions_3_0             [   0.13464] GL_AMD_conservative_depth
opengl   D         extensions.c:207  print_extensions_3_0             [   0.13465] GL_AMD_depth_clamp_separate
opengl   D         extensions.c:207  print_extensions_3_0             [   0.13465] GL_AMD_draw_buffers_blend
opengl   D         extensions.c:207  print_extensions_3_0             [   0.13465] GL_AMD_multi_draw_indirect
opengl   D         extensions.c:207  print_extensions_3_0             [   0.13465] GL_AMD_performance_monitor
opengl   D         extensions.c:207  print_extensions_3_0             [   0.13465] GL_AMD_pinned_memory
opengl   D         extensions.c:207  print_extensions_3_0             [   0.13466] GL_AMD_query_buffer_object
opengl   D         extensions.c:207  print_extensions_3_0             [   0.13466] GL_AMD_seamless_cubemap_per_texture
opengl   D         extensions.c:207  print_extensions_3_0             [   0.13466] GL_AMD_shader_stencil_export
opengl   D         extensions.c:207  print_extensions_3_0             [   0.13466] GL_AMD_shader_trinary_minmax
opengl   D         extensions.c:207  print_extensions_3_0             [   0.13466] GL_AMD_texture_texture4
opengl   D         extensions.c:207  print_extensions_3_0             [   0.13466] GL_AMD_vertex_shader_layer
opengl   D         extensions.c:207  print_extensions_3_0             [   0.13467] GL_AMD_vertex_shader_viewport_index
opengl   D         extensions.c:207  print_extensions_3_0             [   0.13467] GL_ANGLE_texture_compression_dxt3
opengl   D         extensions.c:207  print_extensions_3_0             [   0.13467] GL_ANGLE_texture_compression_dxt5
opengl   D         extensions.c:207  print_extensions_3_0             [   0.13467] GL_APPLE_packed_pixels
opengl   D         extensions.c:207  print_extensions_3_0             [   0.13467] GL_ARB_ES2_compatibility
opengl   D         extensions.c:207  print_extensions_3_0             [   0.13467] GL_ARB_ES3_1_compatibility
opengl   D         extensions.c:207  print_extensions_3_0             [   0.13467] GL_ARB_ES3_2_compatibility
opengl   D         extensions.c:207  print_extensions_3_0             [   0.13468] GL_ARB_ES3_compatibility
opengl   D         extensions.c:207  print_extensions_3_0             [   0.13468] GL_ARB_arrays_of_arrays
opengl   D         extensions.c:207  print_extensions_3_0             [   0.13468] GL_ARB_base_instance
opengl   D         extensions.c:207  print_extensions_3_0             [   0.13468] GL_ARB_blend_func_extended
opengl   D         extensions.c:207  print_extensions_3_0             [   0.13468] GL_ARB_buffer_storage
opengl   D         extensions.c:207  print_extensions_3_0             [   0.13468] GL_ARB_clear_buffer_object
opengl   D         extensions.c:207  print_extensions_3_0             [   0.13469] GL_ARB_clear_texture
opengl   D         extensions.c:207  print_extensions_3_0             [   0.13469] GL_ARB_clip_control
opengl   D         extensions.c:207  print_extensions_3_0             [   0.13469] GL_ARB_color_buffer_float
opengl   D         extensions.c:207  print_extensions_3_0             [   0.13469] GL_ARB_compatibility
opengl   D         extensions.c:207  print_extensions_3_0             [   0.13469] GL_ARB_compressed_texture_pixel_storage
opengl   D         extensions.c:207  print_extensions_3_0             [   0.13469] GL_ARB_compute_shader
opengl   D         extensions.c:207  print_extensions_3_0             [   0.13469] GL_ARB_compute_variable_group_size
opengl   D         extensions.c:207  print_extensions_3_0             [   0.13470] GL_ARB_conditional_render_inverted
opengl   D         extensions.c:207  print_extensions_3_0             [   0.13470] GL_ARB_conservative_depth
opengl   D         extensions.c:207  print_extensions_3_0             [   0.13470] GL_ARB_copy_buffer
opengl   D         extensions.c:207  print_extensions_3_0             [   0.13470] GL_ARB_copy_image
opengl   D         extensions.c:207  print_extensions_3_0             [   0.13470] GL_ARB_cull_distance
opengl   D         extensions.c:207  print_extensions_3_0             [   0.13470] GL_ARB_debug_output
opengl   D         extensions.c:207  print_extensions_3_0             [   0.13471] GL_ARB_depth_buffer_float
opengl   D         extensions.c:207  print_extensions_3_0             [   0.13471] GL_ARB_depth_clamp
opengl   D         extensions.c:207  print_extensions_3_0             [   0.13471] GL_ARB_depth_texture
opengl   D         extensions.c:207  print_extensions_3_0             [   0.13471] GL_ARB_derivative_control
opengl   D         extensions.c:207  print_extensions_3_0             [   0.13471] GL_ARB_direct_state_access
opengl   D         extensions.c:207  print_extensions_3_0             [   0.13472] GL_ARB_draw_buffers
opengl   D         extensions.c:207  print_extensions_3_0             [   0.13472] GL_ARB_draw_buffers_blend
opengl   D         extensions.c:207  print_extensions_3_0             [   0.13472] GL_ARB_draw_elements_base_vertex
opengl   D         extensions.c:207  print_extensions_3_0             [   0.13472] GL_ARB_draw_indirect
opengl   D         extensions.c:207  print_extensions_3_0             [   0.13472] GL_ARB_draw_instanced
opengl   D         extensions.c:207  print_extensions_3_0             [   0.13472] GL_ARB_enhanced_layouts
opengl   D         extensions.c:207  print_extensions_3_0             [   0.13473] GL_ARB_explicit_attrib_location
opengl   D         extensions.c:207  print_extensions_3_0             [   0.13473] GL_ARB_explicit_uniform_location
opengl   D         extensions.c:207  print_extensions_3_0             [   0.13473] GL_ARB_fragment_coord_conventions
opengl   D         extensions.c:207  print_extensions_3_0             [   0.13473] GL_ARB_fragment_layer_viewport
opengl   D         extensions.c:207  print_extensions_3_0             [   0.13473] GL_ARB_fragment_program
opengl   D         extensions.c:207  print_extensions_3_0             [   0.13473] GL_ARB_fragment_program_shadow
opengl   D         extensions.c:207  print_extensions_3_0             [   0.13474] GL_ARB_fragment_shader
opengl   D         extensions.c:207  print_extensions_3_0             [   0.13474] GL_ARB_fragment_shader_interlock
opengl   D         extensions.c:207  print_extensions_3_0             [   0.13474] GL_ARB_framebuffer_no_attachments
opengl   D         extensions.c:207  print_extensions_3_0             [   0.13474] GL_ARB_framebuffer_object
opengl   D         extensions.c:207  print_extensions_3_0             [   0.13474] GL_ARB_framebuffer_sRGB
opengl   D         extensions.c:207  print_extensions_3_0             [   0.13474] GL_ARB_get_program_binary
opengl   D         extensions.c:207  print_extensions_3_0             [   0.13475] GL_ARB_get_texture_sub_image
opengl   D         extensions.c:207  print_extensions_3_0             [   0.13475] GL_ARB_gl_spirv
opengl   D         extensions.c:207  print_extensions_3_0             [   0.13475] GL_ARB_gpu_shader5
opengl   D         extensions.c:207  print_extensions_3_0             [   0.13475] GL_ARB_gpu_shader_fp64
opengl   D         extensions.c:207  print_extensions_3_0             [   0.13475] GL_ARB_gpu_shader_int64
opengl   D         extensions.c:207  print_extensions_3_0             [   0.13475] GL_ARB_half_float_pixel
opengl   D         extensions.c:207  print_extensions_3_0             [   0.13476] GL_ARB_half_float_vertex
opengl   D         extensions.c:207  print_extensions_3_0             [   0.13476] GL_ARB_indirect_parameters
opengl   D         extensions.c:207  print_extensions_3_0             [   0.13476] GL_ARB_instanced_arrays
opengl   D         extensions.c:207  print_extensions_3_0             [   0.13476] GL_ARB_internalformat_query
opengl   D         extensions.c:207  print_extensions_3_0             [   0.13476] GL_ARB_internalformat_query2
opengl   D         extensions.c:207  print_extensions_3_0             [   0.13476] GL_ARB_invalidate_subdata
opengl   D         extensions.c:207  print_extensions_3_0             [   0.13476] GL_ARB_map_buffer_alignment
opengl   D         extensions.c:207  print_extensions_3_0             [   0.13477] GL_ARB_map_buffer_range
opengl   D         extensions.c:207  print_extensions_3_0             [   0.13477] GL_ARB_multi_bind
opengl   D         extensions.c:207  print_extensions_3_0             [   0.13477] GL_ARB_multi_draw_indirect
opengl   D         extensions.c:207  print_extensions_3_0             [   0.13477] GL_ARB_multisample
opengl   D         extensions.c:207  print_extensions_3_0             [   0.13477] GL_ARB_multitexture
opengl   D         extensions.c:207  print_extensions_3_0             [   0.13477] GL_ARB_occlusion_query
opengl   D         extensions.c:207  print_extensions_3_0             [   0.13478] GL_ARB_occlusion_query2
opengl   D         extensions.c:207  print_extensions_3_0             [   0.13478] GL_ARB_parallel_shader_compile
opengl   D         extensions.c:207  print_extensions_3_0             [   0.13478] GL_ARB_pipeline_statistics_query
opengl   D         extensions.c:207  print_extensions_3_0             [   0.13479] GL_ARB_pixel_buffer_object
opengl   D         extensions.c:207  print_extensions_3_0             [   0.13479] GL_ARB_point_parameters
opengl   D         extensions.c:207  print_extensions_3_0             [   0.13479] GL_ARB_point_sprite
opengl   D         extensions.c:207  print_extensions_3_0             [   0.13479] GL_ARB_polygon_offset_clamp
opengl   D         extensions.c:207  print_extensions_3_0             [   0.13479] GL_ARB_post_depth_coverage
opengl   D         extensions.c:207  print_extensions_3_0             [   0.13479] GL_ARB_program_interface_query
opengl   D         extensions.c:207  print_extensions_3_0             [   0.13480] GL_ARB_provoking_vertex
opengl   D         extensions.c:207  print_extensions_3_0             [   0.13480] GL_ARB_query_buffer_object
opengl   D         extensions.c:207  print_extensions_3_0             [   0.13480] GL_ARB_robust_buffer_access_behavior
opengl   D         extensions.c:207  print_extensions_3_0             [   0.13480] GL_ARB_robustness
opengl   D         extensions.c:207  print_extensions_3_0             [   0.13480] GL_ARB_sample_shading
opengl   D         extensions.c:207  print_extensions_3_0             [   0.13480] GL_ARB_sampler_objects
opengl   D         extensions.c:207  print_extensions_3_0             [   0.13481] GL_ARB_seamless_cube_map
opengl   D         extensions.c:207  print_extensions_3_0             [   0.13481] GL_ARB_seamless_cubemap_per_texture
opengl   D         extensions.c:207  print_extensions_3_0             [   0.13481] GL_ARB_separate_shader_objects
opengl   D         extensions.c:207  print_extensions_3_0             [   0.13481] GL_ARB_shader_atomic_counter_ops
opengl   D         extensions.c:207  print_extensions_3_0             [   0.13481] GL_ARB_shader_atomic_counters
opengl   D         extensions.c:207  print_extensions_3_0             [   0.13481] GL_ARB_shader_ballot
opengl   D         extensions.c:207  print_extensions_3_0             [   0.13482] GL_ARB_shader_bit_encoding
opengl   D         extensions.c:207  print_extensions_3_0             [   0.13482] GL_ARB_shader_clock
opengl   D         extensions.c:207  print_extensions_3_0             [   0.13482] GL_ARB_shader_draw_parameters
opengl   D         extensions.c:207  print_extensions_3_0             [   0.13482] GL_ARB_shader_group_vote
opengl   D         extensions.c:207  print_extensions_3_0             [   0.13482] GL_ARB_shader_image_load_store
opengl   D         extensions.c:207  print_extensions_3_0             [   0.13482] GL_ARB_shader_image_size
opengl   D         extensions.c:207  print_extensions_3_0             [   0.13483] GL_ARB_shader_objects
opengl   D         extensions.c:207  print_extensions_3_0             [   0.13483] GL_ARB_shader_precision
opengl   D         extensions.c:207  print_extensions_3_0             [   0.13483] GL_ARB_shader_stencil_export
opengl   D         extensions.c:207  print_extensions_3_0             [   0.13483] GL_ARB_shader_storage_buffer_object
opengl   D         extensions.c:207  print_extensions_3_0             [   0.13483] GL_ARB_shader_subroutine
opengl   D         extensions.c:207  print_extensions_3_0             [   0.13483] GL_ARB_shader_texture_image_samples
opengl   D         extensions.c:207  print_extensions_3_0             [   0.13484] GL_ARB_shader_texture_lod
opengl   D         extensions.c:207  print_extensions_3_0             [   0.13484] GL_ARB_shader_viewport_layer_array
opengl   D         extensions.c:207  print_extensions_3_0             [   0.13484] GL_ARB_shading_language_100
opengl   D         extensions.c:207  print_extensions_3_0             [   0.13484] GL_ARB_shading_language_420pack
opengl   D         extensions.c:207  print_extensions_3_0             [   0.13484] GL_ARB_shading_language_include
opengl   D         extensions.c:207  print_extensions_3_0             [   0.13485] GL_ARB_shading_language_packing
opengl   D         extensions.c:207  print_extensions_3_0             [   0.13485] GL_ARB_shadow
opengl   D         extensions.c:207  print_extensions_3_0             [   0.13485] GL_ARB_spirv_extensions
opengl   D         extensions.c:207  print_extensions_3_0             [   0.13485] GL_ARB_stencil_texturing
opengl   D         extensions.c:207  print_extensions_3_0             [   0.13485] GL_ARB_sync
opengl   D         extensions.c:207  print_extensions_3_0             [   0.13487] GL_ARB_tessellation_shader
opengl   D         extensions.c:207  print_extensions_3_0             [   0.13487] GL_ARB_texture_barrier
opengl   D         extensions.c:207  print_extensions_3_0             [   0.13487] GL_ARB_texture_border_clamp
opengl   D         extensions.c:207  print_extensions_3_0             [   0.13487] GL_ARB_texture_buffer_object
opengl   D         extensions.c:207  print_extensions_3_0             [   0.13488] GL_ARB_texture_buffer_object_rgb32
opengl   D         extensions.c:207  print_extensions_3_0             [   0.13488] GL_ARB_texture_buffer_range
opengl   D         extensions.c:207  print_extensions_3_0             [   0.13488] GL_ARB_texture_compression
opengl   D         extensions.c:207  print_extensions_3_0             [   0.13488] GL_ARB_texture_compression_bptc
opengl   D         extensions.c:207  print_extensions_3_0             [   0.13488] GL_ARB_texture_compression_rgtc
opengl   D         extensions.c:207  print_extensions_3_0             [   0.13488] GL_ARB_texture_cube_map
opengl   D         extensions.c:207  print_extensions_3_0             [   0.13489] GL_ARB_texture_cube_map_array
opengl   D         extensions.c:207  print_extensions_3_0             [   0.13489] GL_ARB_texture_env_add
opengl   D         extensions.c:207  print_extensions_3_0             [   0.13489] GL_ARB_texture_env_combine
opengl   D         extensions.c:207  print_extensions_3_0             [   0.13489] GL_ARB_texture_env_crossbar
opengl   D         extensions.c:207  print_extensions_3_0             [   0.13489] GL_ARB_texture_env_dot3
opengl   D         extensions.c:207  print_extensions_3_0             [   0.13489] GL_ARB_texture_filter_anisotropic
opengl   D         extensions.c:207  print_extensions_3_0             [   0.13490] GL_ARB_texture_float
opengl   D         extensions.c:207  print_extensions_3_0             [   0.13490] GL_ARB_texture_gather
opengl   D         extensions.c:207  print_extensions_3_0             [   0.13490] GL_ARB_texture_mirror_clamp_to_edge
opengl   D         extensions.c:207  print_extensions_3_0             [   0.13490] GL_ARB_texture_mirrored_repeat
opengl   D         extensions.c:207  print_extensions_3_0             [   0.13490] GL_ARB_texture_multisample
opengl   D         extensions.c:207  print_extensions_3_0             [   0.13491] GL_ARB_texture_non_power_of_two
opengl   D         extensions.c:207  print_extensions_3_0             [   0.13491] GL_ARB_texture_query_levels
opengl   D         extensions.c:207  print_extensions_3_0             [   0.13491] GL_ARB_texture_query_lod
opengl   D         extensions.c:207  print_extensions_3_0             [   0.13491] GL_ARB_texture_rectangle
opengl   D         extensions.c:207  print_extensions_3_0             [   0.13491] GL_ARB_texture_rg
opengl   D         extensions.c:207  print_extensions_3_0             [   0.13491] GL_ARB_texture_rgb10_a2ui
opengl   D         extensions.c:207  print_extensions_3_0             [   0.13492] GL_ARB_texture_stencil8
opengl   D         extensions.c:207  print_extensions_3_0             [   0.13492] GL_ARB_texture_storage
opengl   D         extensions.c:207  print_extensions_3_0             [   0.13492] GL_ARB_texture_storage_multisample
opengl   D         extensions.c:207  print_extensions_3_0             [   0.13492] GL_ARB_texture_swizzle
opengl   D         extensions.c:207  print_extensions_3_0             [   0.13492] GL_ARB_texture_view
opengl   D         extensions.c:207  print_extensions_3_0             [   0.13493] GL_ARB_timer_query
opengl   D         extensions.c:207  print_extensions_3_0             [   0.13493] GL_ARB_transform_feedback2
opengl   D         extensions.c:207  print_extensions_3_0             [   0.13493] GL_ARB_transform_feedback3
opengl   D         extensions.c:207  print_extensions_3_0             [   0.13493] GL_ARB_transform_feedback_instanced
opengl   D         extensions.c:207  print_extensions_3_0             [   0.13493] GL_ARB_transform_feedback_overflow_query
opengl   D         extensions.c:207  print_extensions_3_0             [   0.13494] GL_ARB_transpose_matrix
opengl   D         extensions.c:207  print_extensions_3_0             [   0.13494] GL_ARB_uniform_buffer_object
opengl   D         extensions.c:207  print_extensions_3_0             [   0.13494] GL_ARB_vertex_array_bgra
opengl   D         extensions.c:207  print_extensions_3_0             [   0.13494] GL_ARB_vertex_array_object
opengl   D         extensions.c:207  print_extensions_3_0             [   0.13494] GL_ARB_vertex_attrib_64bit
opengl   D         extensions.c:207  print_extensions_3_0             [   0.13494] GL_ARB_vertex_attrib_binding
opengl   D         extensions.c:207  print_extensions_3_0             [   0.13495] GL_ARB_vertex_buffer_object
opengl   D         extensions.c:207  print_extensions_3_0             [   0.13495] GL_ARB_vertex_program
opengl   D         extensions.c:207  print_extensions_3_0             [   0.13495] GL_ARB_vertex_shader
opengl   D         extensions.c:207  print_extensions_3_0             [   0.13495] GL_ARB_vertex_type_10f_11f_11f_rev
opengl   D         extensions.c:207  print_extensions_3_0             [   0.13495] GL_ARB_vertex_type_2_10_10_10_rev
opengl   D         extensions.c:207  print_extensions_3_0             [   0.13496] GL_ARB_viewport_array
opengl   D         extensions.c:207  print_extensions_3_0             [   0.13496] GL_ARB_window_pos
opengl   D         extensions.c:207  print_extensions_3_0             [   0.13496] GL_ATI_blend_equation_separate
opengl   D         extensions.c:207  print_extensions_3_0             [   0.13496] GL_ATI_draw_buffers
opengl   D         extensions.c:207  print_extensions_3_0             [   0.13496] GL_ATI_fragment_shader
opengl   D         extensions.c:207  print_extensions_3_0             [   0.13496] GL_ATI_separate_stencil
opengl   D         extensions.c:207  print_extensions_3_0             [   0.13497] GL_ATI_texture_compression_3dc
opengl   D         extensions.c:207  print_extensions_3_0             [   0.13497] GL_ATI_texture_env_combine3
opengl   D         extensions.c:207  print_extensions_3_0             [   0.13497] GL_ATI_texture_float
opengl   D         extensions.c:207  print_extensions_3_0             [   0.13497] GL_EXT_EGL_image_storage
opengl   D         extensions.c:207  print_extensions_3_0             [   0.13497] GL_EXT_EGL_image_storage_compression
opengl   D         extensions.c:207  print_extensions_3_0             [   0.13497] GL_EXT_EGL_sync
opengl   D         extensions.c:207  print_extensions_3_0             [   0.13498] GL_EXT_abgr
opengl   D         extensions.c:207  print_extensions_3_0             [   0.13498] GL_EXT_bgra
opengl   D         extensions.c:207  print_extensions_3_0             [   0.13498] GL_EXT_blend_color
opengl   D         extensions.c:207  print_extensions_3_0             [   0.13498] GL_EXT_blend_equation_separate
opengl   D         extensions.c:207  print_extensions_3_0             [   0.13498] GL_EXT_blend_func_separate
opengl   D         extensions.c:207  print_extensions_3_0             [   0.13499] GL_EXT_blend_minmax
opengl   D         extensions.c:207  print_extensions_3_0             [   0.13499] GL_EXT_blend_subtract
opengl   D         extensions.c:207  print_extensions_3_0             [   0.13499] GL_EXT_compiled_vertex_array
opengl   D         extensions.c:207  print_extensions_3_0             [   0.13499] GL_EXT_copy_texture
opengl   D         extensions.c:207  print_extensions_3_0             [   0.13499] GL_EXT_debug_label
opengl   D         extensions.c:207  print_extensions_3_0             [   0.13500] GL_EXT_demote_to_helper_invocation
opengl   D         extensions.c:207  print_extensions_3_0             [   0.13500] GL_EXT_direct_state_access
opengl   D         extensions.c:207  print_extensions_3_0             [   0.13500] GL_EXT_draw_buffers2
opengl   D         extensions.c:207  print_extensions_3_0             [   0.13500] GL_EXT_draw_instanced
opengl   D         extensions.c:207  print_extensions_3_0             [   0.13501] GL_EXT_draw_range_elements
opengl   D         extensions.c:207  print_extensions_3_0             [   0.13501] GL_EXT_fog_coord
opengl   D         extensions.c:207  print_extensions_3_0             [   0.13501] GL_EXT_framebuffer_blit
opengl   D         extensions.c:207  print_extensions_3_0             [   0.13501] GL_EXT_framebuffer_multisample
opengl   D         extensions.c:207  print_extensions_3_0             [   0.13501] GL_EXT_framebuffer_multisample_blit_scaled
opengl   D         extensions.c:207  print_extensions_3_0             [   0.13501] GL_EXT_framebuffer_object
opengl   D         extensions.c:207  print_extensions_3_0             [   0.13502] GL_EXT_framebuffer_sRGB
opengl   D         extensions.c:207  print_extensions_3_0             [   0.13502] GL_EXT_gpu_program_parameters
opengl   D         extensions.c:207  print_extensions_3_0             [   0.13502] GL_EXT_gpu_shader4
opengl   D         extensions.c:207  print_extensions_3_0             [   0.13502] GL_EXT_memory_object
opengl   D         extensions.c:207  print_extensions_3_0             [   0.13502] GL_EXT_memory_object_fd
opengl   D         extensions.c:207  print_extensions_3_0             [   0.13503] GL_EXT_multi_draw_arrays
opengl   D         extensions.c:207  print_extensions_3_0             [   0.13503] GL_EXT_packed_depth_stencil
opengl   D         extensions.c:207  print_extensions_3_0             [   0.13503] GL_EXT_packed_float
opengl   D         extensions.c:207  print_extensions_3_0             [   0.13503] GL_EXT_packed_pixels
opengl   D         extensions.c:207  print_extensions_3_0             [   0.13503] GL_EXT_pixel_buffer_object
opengl   D         extensions.c:207  print_extensions_3_0             [   0.13503] GL_EXT_point_parameters
opengl   D         extensions.c:207  print_extensions_3_0             [   0.13504] GL_EXT_polygon_offset_clamp
opengl   D         extensions.c:207  print_extensions_3_0             [   0.13504] GL_EXT_provoking_vertex
opengl   D         extensions.c:207  print_extensions_3_0             [   0.13504] GL_EXT_rescale_normal
opengl   D         extensions.c:207  print_extensions_3_0             [   0.13504] GL_EXT_secondary_color
opengl   D         extensions.c:207  print_extensions_3_0             [   0.13504] GL_EXT_semaphore
opengl   D         extensions.c:207  print_extensions_3_0             [   0.13505] GL_EXT_semaphore_fd
opengl   D         extensions.c:207  print_extensions_3_0             [   0.13505] GL_EXT_separate_specular_color
opengl   D         extensions.c:207  print_extensions_3_0             [   0.13505] GL_EXT_shader_framebuffer_fetch
opengl   D         extensions.c:207  print_extensions_3_0             [   0.13505] GL_EXT_shader_framebuffer_fetch_non_coherent
opengl   D         extensions.c:207  print_extensions_3_0             [   0.13505] GL_EXT_shader_integer_mix
opengl   D         extensions.c:207  print_extensions_3_0             [   0.13506] GL_EXT_shader_samples_identical
opengl   D         extensions.c:207  print_extensions_3_0             [   0.13506] GL_EXT_shadow_funcs
opengl   D         extensions.c:207  print_extensions_3_0             [   0.13506] GL_EXT_stencil_two_side
opengl   D         extensions.c:207  print_extensions_3_0             [   0.13506] GL_EXT_stencil_wrap
opengl   D         extensions.c:207  print_extensions_3_0             [   0.13506] GL_EXT_subtexture
opengl   D         extensions.c:207  print_extensions_3_0             [   0.13506] GL_EXT_texture
opengl   D         extensions.c:207  print_extensions_3_0             [   0.13507] GL_EXT_texture3D
opengl   D         extensions.c:207  print_extensions_3_0             [   0.13507] GL_EXT_texture_array
opengl   D         extensions.c:207  print_extensions_3_0             [   0.13507] GL_EXT_texture_buffer_object
opengl   D         extensions.c:207  print_extensions_3_0             [   0.13507] GL_EXT_texture_compression_dxt1
opengl   D         extensions.c:207  print_extensions_3_0             [   0.13508] GL_EXT_texture_compression_latc
opengl   D         extensions.c:207  print_extensions_3_0             [   0.13508] GL_EXT_texture_compression_rgtc
opengl   D         extensions.c:207  print_extensions_3_0             [   0.13508] GL_EXT_texture_compression_s3tc
opengl   D         extensions.c:207  print_extensions_3_0             [   0.13508] GL_EXT_texture_cube_map
opengl   D         extensions.c:207  print_extensions_3_0             [   0.13508] GL_EXT_texture_edge_clamp
opengl   D         extensions.c:207  print_extensions_3_0             [   0.13509] GL_EXT_texture_env_add
opengl   D         extensions.c:207  print_extensions_3_0             [   0.13509] GL_EXT_texture_env_combine
opengl   D         extensions.c:207  print_extensions_3_0             [   0.13509] GL_EXT_texture_env_dot3
opengl   D         extensions.c:207  print_extensions_3_0             [   0.13509] GL_EXT_texture_filter_anisotropic
opengl   D         extensions.c:207  print_extensions_3_0             [   0.13509] GL_EXT_texture_integer
opengl   D         extensions.c:207  print_extensions_3_0             [   0.13510] GL_EXT_texture_lod_bias
opengl   D         extensions.c:207  print_extensions_3_0             [   0.13510] GL_EXT_texture_object
opengl   D         extensions.c:207  print_extensions_3_0             [   0.13510] GL_EXT_texture_rectangle
opengl   D         extensions.c:207  print_extensions_3_0             [   0.13510] GL_EXT_texture_sRGB
opengl   D         extensions.c:207  print_extensions_3_0             [   0.13510] GL_EXT_texture_sRGB_R8
opengl   D         extensions.c:207  print_extensions_3_0             [   0.13511] GL_EXT_texture_sRGB_decode
opengl   D         extensions.c:207  print_extensions_3_0             [   0.13511] GL_EXT_texture_shadow_lod
opengl   D         extensions.c:207  print_extensions_3_0             [   0.13511] GL_EXT_texture_shared_exponent
opengl   D         extensions.c:207  print_extensions_3_0             [   0.13511] GL_EXT_texture_snorm
opengl   D         extensions.c:207  print_extensions_3_0             [   0.13511] GL_EXT_texture_storage
opengl   D         extensions.c:207  print_extensions_3_0             [   0.13511] GL_EXT_texture_swizzle
opengl   D         extensions.c:207  print_extensions_3_0             [   0.13512] GL_EXT_timer_query
opengl   D         extensions.c:207  print_extensions_3_0             [   0.13512] GL_EXT_transform_feedback
opengl   D         extensions.c:207  print_extensions_3_0             [   0.13512] GL_EXT_vertex_array
opengl   D         extensions.c:207  print_extensions_3_0             [   0.13512] GL_EXT_vertex_array_bgra
opengl   D         extensions.c:207  print_extensions_3_0             [   0.13512] GL_EXT_vertex_attrib_64bit
opengl   D         extensions.c:207  print_extensions_3_0             [   0.13513] GL_IBM_multimode_draw_arrays
opengl   D         extensions.c:207  print_extensions_3_0             [   0.13513] GL_IBM_rasterpos_clip
opengl   D         extensions.c:207  print_extensions_3_0             [   0.13513] GL_IBM_texture_mirrored_repeat
opengl   D         extensions.c:207  print_extensions_3_0             [   0.13513] GL_INGR_blend_func_separate
opengl   D         extensions.c:207  print_extensions_3_0             [   0.13513] GL_INTEL_blackhole_render
opengl   D         extensions.c:207  print_extensions_3_0             [   0.13514] GL_INTEL_performance_query
opengl   D         extensions.c:207  print_extensions_3_0             [   0.13514] GL_INTEL_shader_atomic_float_minmax
opengl   D         extensions.c:207  print_extensions_3_0             [   0.13514] GL_INTEL_shader_integer_functions2
opengl   D         extensions.c:207  print_extensions_3_0             [   0.13514] GL_KHR_blend_equation_advanced
opengl   D         extensions.c:207  print_extensions_3_0             [   0.13515] GL_KHR_blend_equation_advanced_coherent
opengl   D         extensions.c:207  print_extensions_3_0             [   0.13515] GL_KHR_context_flush_control
opengl   D         extensions.c:207  print_extensions_3_0             [   0.13515] GL_KHR_debug
opengl   D         extensions.c:207  print_extensions_3_0             [   0.13515] GL_KHR_no_error
opengl   D         extensions.c:207  print_extensions_3_0             [   0.13515] GL_KHR_parallel_shader_compile
opengl   D         extensions.c:207  print_extensions_3_0             [   0.13516] GL_KHR_robust_buffer_access_behavior
opengl   D         extensions.c:207  print_extensions_3_0             [   0.13516] GL_KHR_robustness
opengl   D         extensions.c:207  print_extensions_3_0             [   0.13516] GL_KHR_texture_compression_astc_ldr
opengl   D         extensions.c:207  print_extensions_3_0             [   0.13516] GL_KHR_texture_compression_astc_sliced_3d
opengl   D         extensions.c:207  print_extensions_3_0             [   0.13516] GL_MESA_framebuffer_flip_y
opengl   D         extensions.c:207  print_extensions_3_0             [   0.13517] GL_MESA_pack_invert
opengl   D         extensions.c:207  print_extensions_3_0             [   0.13517] GL_MESA_shader_integer_functions
opengl   D         extensions.c:207  print_extensions_3_0             [   0.13517] GL_MESA_texture_const_bandwidth
opengl   D         extensions.c:207  print_extensions_3_0             [   0.13517] GL_MESA_texture_signed_rgba
opengl   D         extensions.c:207  print_extensions_3_0             [   0.13517] GL_MESA_window_pos
opengl   D         extensions.c:207  print_extensions_3_0             [   0.13518] GL_NV_ES1_1_compatibility
opengl   D         extensions.c:207  print_extensions_3_0             [   0.13518] GL_NV_alpha_to_coverage_dither_control
opengl   D         extensions.c:207  print_extensions_3_0             [   0.13518] GL_NV_blend_square
opengl   D         extensions.c:207  print_extensions_3_0             [   0.13518] GL_NV_compute_shader_derivatives
opengl   D         extensions.c:207  print_extensions_3_0             [   0.13518] GL_NV_conditional_render
opengl   D         extensions.c:207  print_extensions_3_0             [   0.13518] GL_NV_copy_depth_to_color
opengl   D         extensions.c:207  print_extensions_3_0             [   0.13519] GL_NV_copy_image
opengl   D         extensions.c:207  print_extensions_3_0             [   0.13519] GL_NV_depth_clamp
opengl   D         extensions.c:207  print_extensions_3_0             [   0.13519] GL_NV_fog_distance
opengl   D         extensions.c:207  print_extensions_3_0             [   0.13519] GL_NV_fragment_shader_interlock
opengl   D         extensions.c:207  print_extensions_3_0             [   0.13519] GL_NV_half_float
opengl   D         extensions.c:207  print_extensions_3_0             [   0.13520] GL_NV_light_max_exponent
opengl   D         extensions.c:207  print_extensions_3_0             [   0.13520] GL_NV_packed_depth_stencil
opengl   D         extensions.c:207  print_extensions_3_0             [   0.13520] GL_NV_primitive_restart
opengl   D         extensions.c:207  print_extensions_3_0             [   0.13520] GL_NV_texgen_reflection
opengl   D         extensions.c:207  print_extensions_3_0             [   0.13521] GL_NV_texture_barrier
opengl   D         extensions.c:207  print_extensions_3_0             [   0.13521] GL_NV_texture_env_combine4
opengl   D         extensions.c:207  print_extensions_3_0             [   0.13521] GL_NV_texture_rectangle
opengl   D         extensions.c:207  print_extensions_3_0             [   0.13521] GL_OES_EGL_image
opengl   D         extensions.c:207  print_extensions_3_0             [   0.13521] GL_OES_read_format
opengl   D         extensions.c:207  print_extensions_3_0             [   0.13522] GL_S3_s3tc
opengl   D         extensions.c:207  print_extensions_3_0             [   0.13522] GL_SGIS_generate_mipmap
opengl   D         extensions.c:207  print_extensions_3_0             [   0.13522] GL_SGIS_texture_border_clamp
opengl   D         extensions.c:207  print_extensions_3_0             [   0.13522] GL_SGIS_texture_edge_clamp
opengl   D         extensions.c:207  print_extensions_3_0             [   0.13523] GL_SGIS_texture_lod
opengl   D         extensions.c:207  print_extensions_3_0             [   0.13523] GL_SUN_multi_draw_arrays
opengl   I         extensions.c:843  _al_ogl_manage_extensions        [   0.13571] Packed Pixels formats available
opengl   I         extensions.c:890  _al_ogl_manage_extensions        [   0.13572] Use of non-power-of-two textures enabled.
opengl   I         extensions.c:906  _al_ogl_manage_extensions        [   0.13572] Use of FBO to draw to textures enabled.
display  I          wldisplay.c:384  wldpy_create_display             [   0.13573] OpenGL Version: 4.6 (Compatibility Profile) Mesa 25.0.7-2
display  I          wldisplay.c:385  wldpy_create_display             [   0.13573] Vendor: Intel
display  I          wldisplay.c:386  wldpy_create_display             [   0.13574] Renderer: Mesa Intel(R) UHD Graphics 630 (CFL GT2)
opengl   D        ogl_display.c:200  _al_ogl_create_backbuffer        [   0.13574] Creating backbuffer
display  I        ogl_display.c:222  _al_ogl_create_backbuffer        [   0.13574] Deduced format ABGR_8888 for backbuffer.
opengl   D        ogl_display.c:231  _al_ogl_create_backbuffer        [   0.13575] Creating backbuffer bitmap
display  I        ogl_display.c:250  _al_ogl_create_backbuffer        [   0.13575] Created backbuffer bitmap (actual format: ABGR_8888)
display  D          wldisplay.c:453  wldpy_destroy_display            [   3.76043] wldpy_destroy_display
display  D          wldisplay.c:408  wldpy_free_display               [   3.76046] wldpy_free_display
display  D          wldisplay.c:445  wldpy_free_display               [   3.76198] wldpy_free_display finished
display  D          wldisplay.c:459  wldpy_destroy_display            [   3.76200] wldpy_destroy_display finished
system   I           wlsystem.c:188  wl_shutdown_system               [   3.76202] shutting down.
